Site,sndvi_2011,sndvi_2012,sndvi_2013,sndvi_2014,sndvi_2015,sndvi_2016,sndvi_2017,sndvi_2018,sndvi_2019,sndvi_2020,sndvi_2021,sndvi_2022
1,2375.62839,3750.497605,2745.407361,3233.559848,4082.157989,3781.191539,3641.878277,3118.728383,4010.378326,2695.454092,3648.142287,2544.061334
2,2543.347757,3869.174773,3021.071259,3440.140918,4375.553422,4154.343178,3706.342115,3289.319078,4342.615286,3081.737155,3767.020767,2856.468537
3,2820.618913,4238.375105,3376.415446,3369.447059,4411.07997,4061.336237,3616.681962,3494.787816,4202.276732,3335.364793,3923.878803,3269.753992
4,2785.720405,4012.847116,3285.021413,3251.431292,4361.42174,4231.465348,4046.862171,3457.98945,4362.801686,3459.521098,4118.941195,3239.602866
5,3117.456432,3960.039449,3349.519271,3321.416302,4378.104926,4326.786127,4108.168012,3519.960834,4509.647078,3719.059609,4191.747553,3413.740908
6,3189.794306,4090.497239,3320.552615,3507.524248,4761.152422,4638.610698,4246.322941,3726.762801,4916.246513,3979.035196,4490.628777,3477.823303
7,3065.534041,4005.597399,3212.857848,3392.347804,5292.288649,4941.525108,4442.181982,3663.971264,5175.397258,4083.045917,4601.63146,3418.533158
8,3161.085698,4044.510227,3278.599243,3395.948198,5312.408488,4966.967198,4204.062188,3581.530651,5232.704807,4092.524891,4518.851936,3469.523611
9,3549.443822,4376.633055,3639.156623,3750.130373,5334.534399,4941.947502,4321.319584,3833.278235,5512.125843,4266.404223,4630.659857,3674.102563
10,3653.2588,4365.964964,4042.529702,3761.085152,5608.718196,4912.274977,4600.134285,4108.290735,5718.077466,4394.505344,4845.16724,3802.696122
11,3641.646979,4684.948617,4403.72706,3897.236798,5617.922621,4981.757412,4782.088773,4190.53294,5576.768189,4369.243456,4682.157304,4037.052804
12,3699.026272,5072.646142,4534.831032,3985.827388,5533.208557,5139.292055,5204.172782,4286.267035,5626.584391,4486.766579,4668.832252,4306.136196
13,3856.290325,5162.326258,4533.300715,3954.095304,5516.977193,5126.129731,5507.087509,4681.706273,5692.185982,4847.724016,4702.82254,4767.467755
14,4000.95921,5222.591297,4587.557366,3787.333958,5497.823842,5173.045343,5386.859588,4874.826886,5670.902925,4957.299022,4901.628578,4897.422982
15,4778.016004,5513.899768,5137.86414,4303.812304,5856.562984,5666.302808,5544.38907,5219.956118,6136.041993,5251.687109,5221.405463,5290.630219
16,4704.804837,5590.940164,5078.785986,4425.344298,5660.383726,5661.2946,5669.889632,5159.599664,6006.962579,5277.9642,5275.517032,5479.14837
17,4781.793657,5477.265183,5586.241705,4718.982013,5748.941016,5636.180975,5808.90992,5232.0554,6017.77428,5538.129831,5416.308508,5375.14287
18,4933.349622,5414.633895,6432.184534,5096.063005,6065.842825,5939.766604,5897.390292,5658.398947,6365.84322,5898.451582,5929.751789,5623.373665
19,5111.198933,5545.615026,6568.533826,5194.33092,6005.944384,5950.665978,5975.1624,5775.24151,6069.848676,5848.566199,5700.763084,5644.747805
20,4986.173385,5583.323133,6658.757472,5371.282986,5803.671046,5746.750183,5687.064223,5687.249866,5848.299401,5514.819387,5476.183265,5488.173179
21,5280.512229,5968.268224,6647.754704,5633.514203,5872.43128,5994.942193,5886.240868,5748.953418,6058.685069,5919.281715,5626.096275,5820.527245
22,5875.625442,6595.03382,6482.465567,5954.563589,6405.846852,6266.139215,6488.905131,6045.399768,6430.926473,6382.453579,5746.477495,6229.605894
23,6264.487789,7109.294542,6509.776979,6172.357266,6449.342463,6277.369749,6801.713781,6259.832028,6401.914731,6614.665311,5897.725607,6426.43585
24,6896.273372,7400.269544,6764.193019,6050.655218,6836.938233,6816.121874,7041.237204,6592.669204,6686.692064,6966.216006,6199.854978,6605.012358
25,7110.499091,7587.407534,6835.807091,6190.116582,7051.842979,6993.921463,7203.153305,6768.730401,6911.550499,7165.699425,6410.363041,6717.119445
26,7096.554097,7479.874538,6901.380329,6494.881223,7236.910647,6981.622143,7261.946614,6784.473995,6830.962149,7031.209744,6370.583045,6659.122171
27,6935.002227,7243.73286,6773.845059,6422.370511,7344.077985,7095.43166,7058.5336,6796.984473,6625.464553,6856.619865,6224.101241,6712.45532
28,6830.84961,7143.870206,6806.403929,6289.438949,7287.16688,7092.703531,6955.59201,6682.358702,6478.935327,6507.50072,6183.193834,6695.249807
29,7066.589837,7289.926737,7083.14547,6484.98361,7214.15552,7314.858945,7142.550847,6744.187763,6771.027093,6695.774145,6299.007617,7045.30293
30,6538.936233,6683.688219,6751.694725,6248.755831,6852.259378,6929.21295,6659.142771,6590.56904,6270.979722,6286.644305,6007.196097,6671.464892
31,6859.288132,7087.019631,6980.237039,6551.197563,7188.187916,7094.150475,7155.014983,6842.243261,6548.598792,6774.182131,6265.464805,6890.144198
32,7301.107306,7574.172114,6907.651561,6761.029609,7125.915828,7390.763216,7399.331206,7000.826022,6861.54661,7399.236354,6351.665584,6940.978925
33,2239.403891,3563.252032,2808.07953,2941.401636,4080.892211,3832.033298,3647.5541,3195.029107,4205.000464,2536.358403,3705.63594,2466.967685
34,2369.833357,3723.621015,3110.666785,3305.272384,4300.497555,3933.371866,3694.397345,3516.313684,4360.552051,2985.137102,3739.787714,2823.888629
35,2756.62507,4028.800015,3336.797072,3369.419729,4394.105791,3993.854171,3617.152902,3566.225999,4149.285594,3275.566649,3860.501938,3267.519202
36,2992.171293,4167.877518,3457.541164,3428.381092,4551.199452,4101.508045,3851.224188,3584.588913,4235.480056,3537.951357,4014.047605,3332.255424
37,3136.250989,4253.439428,3484.807699,3649.101607,4812.33044,4467.763472,4182.066822,3776.210338,4676.233793,3961.042875,4502.666881,3504.060813
38,3333.579705,4491.128135,3695.763831,3716.789777,5063.532474,4881.908922,4341.568497,3933.414314,5026.414952,4152.829508,4741.278848,3598.149264
39,3183.168023,4449.272592,3535.890536,3563.399981,5186.353114,4869.737629,4526.578048,3722.255026,5308.56671,4219.416478,4701.872796,3609.988236
40,2979.35073,4074.506126,3269.439128,3267.09388,5369.336127,4799.980575,4540.101469,3592.831103,5241.012006,4029.963487,4577.554498,3514.847287
41,3180.131032,4129.515049,3278.315138,3679.931365,5466.560189,4843.088609,4421.680418,3754.637725,5424.770412,4138.083643,4591.050982,3658.505548
42,3547.362479,4388.721328,3449.787256,4070.641774,5686.663446,5107.103798,4811.097029,3975.707858,5762.34181,4499.395196,4821.912545,3742.125981
43,3798.743014,4608.129204,3991.877208,4248.486621,5410.897478,4979.652709,4816.38761,4307.862717,5417.045499,4541.214137,4742.968463,4007.173617
44,3844.129718,4928.517561,4423.587049,4241.049343,5392.188501,4955.791961,4912.260507,4537.346725,5351.856135,4526.660372,4643.933189,4409.32976
45,3935.585656,5464.23988,4895.502898,4048.454103,5658.979311,5255.965917,5481.805917,4910.872519,5884.911792,4937.822007,4890.282965,4901.820213
46,4247.378874,5548.254201,4930.879242,4123.17925,5748.563393,5084.087298,5475.063459,5015.342168,5738.830129,4970.597997,4854.092754,5045.330598
47,4643.852279,5752.386153,5291.899981,4289.500681,5809.603008,5441.678936,5736.765431,5406.01645,5892.761004,5359.136144,5153.10254,5240.609164
48,4502.659259,5821.944242,5190.311581,4494.633519,5757.416751,5562.728379,5758.122672,5283.703006,5853.672338,5349.489939,5209.741561,5501.537073
49,4662.339422,5620.843324,5717.792047,4796.522755,5827.554541,5709.295713,5747.654927,5351.721798,6117.703141,5563.505287,5375.857266,5573.763964
50,4919.850518,5532.249547,6325.13086,5036.122159,6010.160065,5744.785071,5867.223996,5538.832701,6227.075321,5810.909157,5687.147233,5654.145053
51,4943.759875,5470.946436,6373.649074,5073.895444,5735.293101,5568.086087,5676.983166,5407.358392,5667.87597,5534.007397,5343.460894,5489.226751
52,5022.427905,5569.295718,6383.764239,5192.73407,5516.30358,5649.317384,5619.669657,5451.622935,5409.908412,5473.320247,5288.794596,5371.889733
53,5239.460028,5758.889066,6377.140542,5431.916216,5600.926776,5804.118495,5811.881386,5546.513556,5599.617168,5769.43965,5496.933774,5590.736521
54,5679.078088,6452.934106,6401.479292,5820.31981,6138.444941,6143.565843,6267.537753,5963.595634,6325.430342,6236.226368,5656.234464,5999.503483
55,5992.154514,6907.921633,6302.409913,5842.522285,6128.674316,6230.588982,6574.502764,6114.552531,6196.234594,6463.336502,5633.557371,6100.796642
56,6507.680944,7211.994776,6602.048671,6060.802861,6621.751622,6516.72405,6840.62412,6321.927503,6598.562865,6701.23347,6090.857383,6426.871276
57,6857.655237,7397.769443,6673.022607,6259.040059,6878.658626,6614.171457,6972.735779,6504.891379,6743.177687,6807.884961,6032.7297,6435.95766
58,6821.221536,7232.060599,6685.530953,6216.829989,6924.275817,6779.376691,6869.452532,6417.548185,6560.471973,6662.170728,5857.045791,6389.760164
59,6609.695083,7023.690611,6471.586989,5871.715611,6769.201126,6774.338302,6539.996055,6374.230637,6238.76711,6321.056112,5882.747652,6271.826518
60,6988.450168,7418.729602,6992.323791,6229.921636,7344.610764,7247.524833,6924.659443,6787.036346,6742.733867,6654.507034,6262.7829,6935.069923
61,6715.902942,7116.737668,6914.410702,6068.72433,6953.89287,6963.328574,6765.989104,6626.103185,6354.519079,6439.22175,6186.475426,6784.974833
62,6619.531007,6938.564878,6762.852723,6170.307278,6896.454497,6943.350358,6684.419455,6682.51192,6275.340095,6464.498359,6024.046029,6641.47204
63,6649.267462,6836.477666,6902.794258,6318.437893,7100.744773,6857.021515,6831.550721,6629.634415,6255.334682,6299.686784,6193.578822,6584.280688
64,7160.621473,7299.931358,7152.028447,6659.020872,7389.915171,7329.480188,7243.467608,7080.838564,6881.549824,6915.610427,6598.51369,6922.788102
65,2282.54847,3541.599439,2494.970676,2766.903361,3635.131578,3792.194186,3707.142173,2988.344371,4171.132814,2372.786536,3534.161577,2331.313748
66,2350.228324,3758.303591,2753.50752,3017.370335,3892.045789,4066.742777,3756.671044,3381.290762,4340.929703,2453.001818,3758.35582,2515.902239
67,2854.335128,3970.59073,3144.601628,3327.004542,4444.246406,4270.144287,3852.360351,3705.027386,4497.180404,3201.876293,4055.698398,3176.944447
68,2794.588456,3961.048222,3296.431811,3318.095753,4522.217637,4152.592296,3897.512628,3494.26812,4332.589709,3442.531563,4028.874065,3147.242622
69,2839.059751,4251.132149,3358.547808,3520.981095,4771.259494,4449.800636,4224.246287,3518.896656,4764.889672,3778.736539,4322.452196,3229.733369
70,3422.856592,4361.178922,3780.575329,3743.296495,4519.509106,4375.221408,4053.02931,3646.404759,4674.534987,3798.496665,4277.507948,3301.947949
71,3512.767549,4493.671623,3730.068797,3804.66877,4637.053754,4568.638776,4390.874211,3829.330646,4907.390569,3978.311496,4388.055374,3408.843659
72,3326.155238,4428.827068,3415.013117,3813.053675,5087.552812,4715.545956,4674.635985,3690.133974,5106.46844,4205.102648,4577.485475,3532.83934
73,3394.503816,4100.336129,3273.381026,3851.846024,5105.593684,4634.368054,4628.748254,3688.908875,5226.956835,4191.772835,4356.552776,3471.379275
74,3669.01256,4487.683772,3473.650192,4356.371037,5572.723611,5051.916946,4842.245144,3932.024113,5722.977737,4612.538855,4717.869301,3770.092724
75,3946.861865,4548.876867,3942.551532,4297.929417,5652.761028,5045.565059,5040.796215,4408.945592,5659.260316,4716.563453,4823.098867,4049.02138
76,4067.780074,4846.665631,4562.827123,4275.291438,5500.993961,5039.834789,5009.361048,4490.15333,5447.57062,4784.669147,4739.909668,4435.600629
77,4116.529479,5610.559241,4889.341541,4173.964281,5798.439746,5299.994739,5554.097139,5030.698051,5823.524284,5224.348233,5050.422037,4885.061583
78,4303.984561,5631.294108,4849.334287,4282.749213,5757.069245,5275.752765,5404.854511,5010.092363,5712.937123,5213.77268,4963.346388,5033.043238
79,4543.439451,5591.945467,5205.677617,4531.900166,5968.941772,5354.027154,5545.252529,5467.590205,5731.049932,5390.534199,5095.366622,5187.415859
80,4741.004532,5787.460933,5700.987661,4806.948867,6104.585462,5534.875736,5763.969489,5564.659897,5983.866308,5580.057734,5301.124017,5591.947086
81,4730.06725,5923.614159,5887.82489,4909.261815,6147.965131,5725.877135,5888.246532,5602.708682,6218.958341,5797.594404,5370.842511,5747.201324
82,4766.58565,5825.432288,6182.091265,5058.245283,5977.260164,5800.641787,5781.950334,5548.495504,6230.299836,5742.812885,5466.280629,5680.940274
83,4954.562014,5632.038075,6590.106771,5209.44423,5746.579924,5664.841138,5708.164201,5510.344117,5790.668277,5703.212418,5345.087906,5600.973824
84,5221.667765,5786.491279,6296.098976,5402.829999,5615.746092,5745.769497,5729.357418,5570.813097,5399.134108,5502.764463,5440.383705,5512.70843
85,5404.759071,6105.357199,6247.140054,5573.008946,5715.375519,5827.178514,5952.357786,5719.690462,5738.231469,5794.210541,5652.146915,5771.479314
86,5715.138569,6444.685077,6376.110956,5801.942835,6065.713323,5960.977422,6266.237888,5985.57645,6048.607944,6095.38924,5447.789083,5965.051951
87,6195.558698,6990.943058,6348.726271,6032.497728,6350.442041,6277.790234,6625.301109,6193.090213,6431.416914,6465.641752,5640.726431,6315.033648
88,6377.527868,7262.916273,6341.226494,6115.432648,6503.626833,6327.50242,6683.451855,6182.967166,6599.635327,6543.930579,5907.631105,6348.636484
89,6746.985644,7362.387086,6631.069381,6537.22544,6803.20194,6573.158401,6729.480791,6328.198846,6835.591991,6687.797911,5911.037176,6443.966525
90,6702.264858,7246.732892,6687.734384,6432.898701,6944.87275,6771.364085,6709.127483,6411.350607,6726.915934,6619.937682,5964.034364,6465.098151
91,6587.087786,7106.317217,6598.253311,6062.274684,6823.006866,6774.658967,6378.869287,6409.240828,6220.40221,6408.238521,6051.78915,6401.418427
92,6900.618359,7246.269327,7016.899193,6298.420395,7287.303799,6982.46152,6620.117315,6602.527609,6588.35729,6534.410232,6251.89923,6779.829882
93,6912.042011,7243.320901,7076.613953,6275.445668,7223.001508,6863.300692,6897.711229,6689.346118,6655.639229,6777.790343,6388.477534,6806.068407
94,6734.437544,6996.91874,6890.159435,6260.072632,6789.16986,6738.417475,6657.449046,6576.145618,6177.724255,6422.799855,6380.83234,6595.213798
95,7068.619667,7266.846341,6955.214057,6458.657323,7176.478003,7017.966156,7161.994821,6880.603662,6507.927874,6853.399394,6380.622278,6726.461211
96,6901.079096,7129.913327,6858.39519,6309.257377,7044.44875,7006.806278,6994.320835,6807.99889,6471.906293,6487.513669,6293.809369,6655.69635
97,2402.562796,3560.436561,2363.580399,2736.846994,3568.245975,3912.663088,3894.199674,3043.565816,4208.661403,2411.169865,3564.894677,2355.755542
98,2827.103854,3745.468661,3004.049225,3206.295951,3792.139168,3983.587168,3937.176314,3315.943411,4061.203468,2620.077708,3750.341072,2606.484374
99,2976.368388,4124.671564,3098.121883,3381.836096,4293.709335,4418.813334,4139.413824,3716.528062,4607.440995,3074.537644,4064.375229,3006.89989
100,2771.414005,4111.194138,3106.085622,3402.79926,4768.621902,4438.607738,4006.667504,3594.387512,4614.79526,3346.357334,4125.688228,3131.148171
101,3014.573511,4224.800837,3428.553925,3632.460855,4566.530248,4393.400007,4037.27612,3503.950473,4786.81084,3610.130084,4364.516193,3184.437692
102,3144.798877,4196.560499,3551.064138,3647.429426,4152.301405,4145.566789,3838.200519,3513.584106,4342.48783,3393.619912,4171.531142,3187.358948
103,3288.67868,4219.206907,3557.379239,3528.972827,4394.31277,4271.141587,4135.101983,3619.711051,4436.003311,3480.177416,4081.923633,3245.343585
104,3429.849905,4334.840827,3568.329276,3650.862821,4604.136602,4469.737665,4517.85031,3570.38198,4726.977008,3832.572386,4353.784093,3423.275731
105,3617.814094,4403.77062,3627.116844,3914.300742,4606.977056,4521.56343,4599.501417,3676.364714,4939.608044,4134.385429,4370.691407,3499.674622
106,4050.511291,4643.231583,3888.948878,4340.555499,4949.214657,4763.170156,4802.958142,4107.422707,5317.745848,4473.68598,4668.385499,3698.400076
107,4220.590879,4697.689964,4061.853282,4411.707383,5349.171855,4969.432838,4917.392571,4403.804801,5562.625354,4869.080319,4885.433457,4196.030015
108,4277.134193,4822.398905,4505.289044,4443.884711,5400.248071,4949.169766,4932.584938,4561.046926,5527.881233,5005.814318,4920.510886,4501.797516
109,4401.777199,5091.000966,4933.090369,4504.877417,5519.34612,5091.840383,5066.022515,4703.574222,5345.295676,4971.128326,4803.574441,4551.448541
110,4627.435146,5333.553923,5338.722736,4738.060816,5740.310376,5293.40053,5318.107118,4753.37684,5484.776324,5119.259046,4936.442518,4745.073082
111,4615.75999,5225.228934,5318.693534,4792.43398,5603.923294,5105.639151,5123.841403,5051.060185,5494.656291,5268.090956,4842.75114,4776.179564
112,5047.889373,5710.83736,5912.552994,5165.182412,6016.472367,5460.704463,5658.870143,5434.070111,5985.700467,5683.941523,5245.438518,5393.69634
113,5014.438996,6012.606701,6069.746119,5095.530356,6087.801912,5613.463208,5727.358229,5367.559646,6035.610127,5768.771716,5357.41372,5620.638439
114,4765.256871,5831.393643,6134.988167,5161.490366,5869.500214,5667.946316,5664.713754,5206.235927,6058.332003,5728.042524,5262.607036,5576.458751
115,5064.096597,5829.586963,6364.223471,5213.139451,5735.411047,5787.846087,5877.132549,5504.497817,5809.623077,5889.803266,5530.461822,5786.28761
116,4991.418564,5679.134804,5626.199922,5087.498058,5290.628599,5480.088105,5578.451132,5127.18436,5246.544945,5479.430693,5136.518249,5354.506683
117,5530.057794,6389.327346,6167.17522,5691.312603,5985.49613,5898.430446,6157.283431,5669.882692,5981.664575,5883.224913,5664.646512,5841.309798
118,5754.163993,6797.422401,6316.433222,5934.575462,6360.642684,6072.70964,6375.9635,6068.532163,6195.026505,6177.759123,5620.598789,6065.473163
119,6178.071744,7108.791892,6233.421725,6058.000962,6513.640779,6216.902435,6613.675774,6275.006179,6435.370618,6385.172043,5671.801135,6297.296081
120,6564.596331,7435.120426,6297.982116,6161.583303,6824.165843,6429.458393,6782.480272,6355.989657,6637.538614,6610.128482,5749.952335,6336.70921
121,6642.590501,7410.983316,6598.139743,6253.778366,6793.832638,6538.913099,6697.531779,6290.439976,6775.962223,6553.465499,5862.008981,6356.457753
122,6696.163666,7259.375092,6624.022664,6270.394396,6815.549173,6756.596232,6602.080598,6337.433982,6633.741018,6442.746618,5902.772976,6293.081688
123,6555.64431,7003.684563,6571.522813,6210.676533,6664.031092,6652.872643,6159.328348,6297.270065,6092.721364,6231.825775,5822.646864,6197.042366
124,6624.887008,7024.680145,6734.174651,6307.384661,6884.670394,6732.161259,6247.707773,6445.748833,6133.692206,6198.29511,5890.184893,6371.548995
125,6996.890655,7549.537972,7155.38318,6641.924488,7349.291335,7101.494326,6972.583399,6846.313172,7038.881303,6966.018393,6626.045711,6802.573244
126,6831.437224,7269.497008,7143.350263,6479.448457,6993.609145,6930.289407,6779.421319,6599.689572,6443.69283,6634.48712,6740.011197,6648.641733
127,7322.53257,7610.746863,7254.539943,6624.697161,7212.701749,7240.690407,7294.841725,7037.976619,6811.794012,7320.105434,6832.405456,6902.810064
128,7239.030993,7599.107839,7159.196404,6634.310451,7176.538254,7172.446027,7256.918035,6927.37391,6820.687403,7059.985633,6506.253757,6715.856354
129,2916.89662,3781.60406,2396.221636,3084.612147,3632.830025,3988.84395,3679.490914,3383.131531,4238.393808,2462.741834,3861.944946,2617.591681
130,3213.238378,3972.115547,2965.407582,3231.472648,4028.416045,4191.784061,4043.466513,3371.542849,4345.95286,2786.423879,3645.533,2675.369599
131,3040.080373,3936.426268,3129.204212,3357.27533,4260.093915,4516.023209,4247.741856,3524.320358,4267.799143,2969.254808,3956.054887,2797.483391
132,3324.169945,4311.199558,3473.505831,3944.786168,4913.550307,4615.746574,4260.929661,3939.635991,4722.518411,3628.332341,4577.621336,3647.125121
133,3466.822995,4427.984541,3651.063819,4035.798302,4997.874536,4793.205088,4447.304812,4121.326594,5120.852829,4011.413176,4929.526702,3740.210139
134,3471.747507,4538.698271,3682.060949,3840.080527,4509.831933,4371.360511,4027.968789,3824.476517,4426.984453,3636.90407,4499.909593,3563.39476
135,3568.087064,4568.242867,3644.393998,3960.513581,4758.112754,4498.647816,4227.89978,3820.350847,4574.674165,4036.433427,4497.372717,3665.212997
136,3823.062971,4635.285619,3789.607706,4082.001191,4986.995426,4615.338204,4608.266135,3950.180876,4858.847557,4203.476907,4688.925824,3689.368972
137,3707.126238,4566.041338,3858.096417,4117.816435,4660.663638,4645.225997,4529.782394,3788.430813,4906.299621,4157.565457,4464.387483,3694.747201
138,3987.0315,4696.888648,4155.245404,4308.167285,4796.852446,4794.855365,4676.032627,3954.904993,5258.445877,4485.819063,4735.624753,3927.893424
139,4057.253135,4805.531295,4169.292777,4276.563763,5152.02828,4730.779858,4752.196392,4512.211634,5318.348965,4727.344494,4748.654011,4361.279463
140,4169.993891,5041.207537,4369.539533,4480.744351,5031.294791,4631.762427,4744.106452,4853.669403,5243.322853,4876.926945,4860.915613,4629.861954
141,4316.71467,5083.706909,4697.600795,4659.146789,5020.80892,4552.26593,4777.035661,4803.136697,5041.8482,4797.655685,4755.958324,4623.551998
142,4648.394905,5216.819308,5206.434609,4965.783561,5368.007317,4979.663245,5217.604785,4948.818369,5331.531539,5099.653029,5072.910769,4835.339529
143,4661.953847,5130.153025,5233.456062,4874.262475,5369.768092,4983.858308,5148.944867,4873.320621,5256.84818,5085.611501,4789.005597,4736.232177
144,5052.580271,5622.409083,5505.891043,5058.160698,5690.711163,5224.567101,5453.260284,5267.736249,5719.408278,5460.567278,5124.339906,5236.24521
145,5076.867667,5772.249989,5934.622269,5242.538886,5859.237289,5481.155306,5652.570622,5328.956313,5873.418203,5622.194945,5301.279223,5442.764543
146,4506.050948,5365.848506,5543.309052,4840.702898,5373.508855,5176.014299,5131.977355,4793.479314,5371.117554,5186.551741,4915.329481,5132.803421
147,5078.246808,5683.67547,6249.463457,5303.979951,5877.934569,5588.733029,5580.632775,5229.828606,5902.90129,5899.504883,5503.934266,5655.502499
148,5090.692216,5700.889839,5589.296634,5081.746978,5679.700643,5467.641829,5588.509878,5081.491006,5506.59152,5564.032809,5147.950357,5389.415504
149,5459.162562,6361.185497,5953.707765,5561.970166,6075.532088,5696.11299,6060.845897,5578.767041,5981.611591,5857.158741,5517.085229,5804.759498
150,5624.95408,6561.650086,5806.982959,5691.153439,6228.354859,5757.342446,6127.536653,5731.932056,5911.263259,5928.008122,5603.047541,5824.946694
151,5903.10906,6901.826498,5907.736846,5782.167922,6400.206103,5871.23948,6191.815541,5928.125029,6092.260509,6009.479794,5344.704449,5868.328877
152,6348.289761,7321.483925,6097.899554,6054.356519,6759.768242,6213.382132,6590.554291,6256.508552,6641.141058,6356.413043,5515.889673,6240.540134
153,6532.705842,7471.914077,6532.973364,6304.52333,6853.500752,6504.246016,6649.231363,6329.259759,6738.376164,6526.887564,5798.019215,6263.962124
154,6567.420279,7333.02345,6540.158997,6422.314344,6834.306738,6696.392604,6581.79716,6334.230903,6657.879343,6519.001213,5871.885277,6279.777877
155,6643.310908,7231.974246,6671.071868,6513.587888,6824.686535,6823.690706,6577.264443,6470.92102,6445.026116,6476.007528,6088.122746,6342.008957
156,6436.845007,6941.511472,6675.965325,6327.290291,6672.280707,6590.297348,6215.85627,6244.600474,6081.412714,6251.728802,5969.343179,6283.232496
157,6859.195182,7368.099187,7169.944523,6440.632705,7157.013473,6961.275728,6866.394938,6620.51326,6734.633212,6755.236569,6683.191221,6769.310638
158,7177.141812,7589.340015,7384.18646,6772.801681,7379.248553,7255.486402,7123.270878,6882.731613,6835.421925,7077.072597,6933.005234,7043.976035
159,7485.094021,7796.224252,7405.114714,6880.88855,7290.912096,7300.696015,7320.464943,7085.199043,7242.109093,7460.566467,6905.25903,6998.96621
160,7531.047664,7837.77663,7219.727526,6919.85184,7352.321675,7315.476192,7358.643338,7076.571954,7397.553013,7316.264353,6651.939441,6956.155077
161,3149.240308,3842.473632,2458.226739,3210.140287,4016.26841,4111.311227,3810.671381,3519.11934,4457.699499,2842.372111,3898.511843,2795.69864
162,2929.438151,3835.500681,2287.418947,2998.987502,4095.402338,4021.529595,3979.796904,3307.503613,4356.995658,2908.13704,3943.905504,2601.523074
163,2775.803537,3745.262114,2673.566269,2855.702818,4189.69504,4301.264888,4071.029823,3589.21446,4444.592736,3203.374582,4021.017579,2698.860652
164,3994.514193,4770.841032,4026.209359,4266.392823,5614.315345,5172.956773,4734.216708,4685.681488,5366.480685,4687.379505,5218.969242,4231.715206
165,4469.176216,5253.201412,4461.051118,5010.210879,5948.2975,5529.712384,5105.917205,5069.889839,5647.981355,5127.47331,5562.634545,4564.166662
166,4083.578581,4819.598074,3948.218653,4299.59811,5192.945825,4915.434502,4420.135978,4452.431855,5060.835494,4250.237161,4935.157545,3995.71639
167,3869.529916,4639.749186,3885.59569,4168.716032,4989.385356,4778.155048,4392.917119,4237.0505,5020.42923,4317.415995,4880.725375,3964.228699
168,3518.210264,4444.890029,3483.367351,3901.364954,4754.281166,4621.423159,4489.105875,3928.447579,4861.583672,4153.840908,4699.885324,3574.369466
169,3528.338776,4746.327671,3479.417291,4080.343734,4637.778625,4662.411738,4533.852848,3592.934856,4945.88568,4009.671122,4473.41712,3391.16741
170,3772.640239,4693.161378,3923.886601,4328.24019,4677.420385,4716.520716,4702.346603,3687.07067,5223.214937,4253.375254,4604.305423,3593.606416
171,4036.360465,4714.376756,4380.184338,4367.0237,4776.352429,4825.431514,4815.886025,4211.695425,5136.025097,4507.178197,4721.496158,3920.630881
172,4351.850425,4978.058002,4614.184939,4556.571883,4986.015567,4852.960734,4738.867259,4714.851965,5053.406713,4768.924158,4745.264972,4327.678223
173,4549.774773,5149.267963,4946.347198,4724.902634,5154.179587,4709.90457,4806.083876,4862.1646,4921.703878,4905.923615,4828.159821,4623.173605
174,4732.057334,5241.889209,5218.896515,4950.963756,5388.775302,5033.037695,5211.501903,5168.275227,5417.56655,5280.486114,5179.446561,5009.930115
175,4798.159698,5200.766869,5423.900514,5041.603158,5415.174373,5066.283626,5248.884608,5183.36275,5380.695461,5361.113163,5156.640016,5095.363477
176,4959.809273,5546.816515,5355.656943,5058.406714,5735.660658,5211.879047,5365.764691,5287.933395,5670.888288,5325.776536,5026.603319,5188.058376
177,4968.194516,5658.612753,5766.352639,5378.407673,5965.440641,5398.832014,5527.674502,5284.552062,5781.201482,5569.01314,5334.420124,5377.889349
178,4956.255605,5578.451737,6030.962717,5335.160035,5777.881917,5578.13976,5631.329248,5196.924255,5826.241259,5798.715576,5497.994765,5542.718492
179,4768.20566,5388.666126,5867.437692,5108.016625,5470.919345,5240.854391,5312.950458,5012.264505,5224.281644,5521.683805,5271.680064,5296.032084
180,4961.909739,5755.42054,5895.248427,5121.958677,5696.509009,5325.991874,5439.386606,5135.043519,5381.216446,5483.988549,5407.614159,5497.27241
181,5229.785694,6136.871049,5729.428197,5308.248335,5866.802439,5397.768497,5741.885048,5446.309473,5661.614807,5630.169883,5522.716842,5598.76236
182,5548.732083,6475.134446,5306.556792,5447.873026,5991.763331,5494.499891,5720.952413,5479.740755,5625.976984,5569.554569,5377.429873,5499.042399
183,5880.483325,6746.069321,5518.763524,5553.884648,6274.057312,5663.393786,5923.673049,5772.927971,5898.781518,5766.096166,5244.910313,5730.42597
184,6269.646308,7045.699989,5834.352115,5813.750171,6608.716096,6065.731603,6409.857601,6019.465347,6530.707506,6156.829857,5588.323193,6023.065812
185,6432.087773,7197.489504,6352.60055,6241.576673,6812.220994,6356.188552,6575.3672,6146.723563,6702.019959,6355.532719,5583.649401,6122.053234
186,6621.312319,7225.743779,6429.192366,6374.142863,6833.920881,6641.461558,6628.801448,6283.750304,6715.809977,6446.518031,5727.897637,6227.245341
187,6524.861555,6983.620551,6590.001604,6443.486656,6678.229453,6639.454499,6553.209064,6297.764623,6493.797171,6330.583141,6007.175684,6303.025502
188,6326.194681,6620.4877,6601.312275,6277.035349,6459.771756,6250.348218,6057.111308,6004.257141,6013.034587,6082.829946,5979.810577,6215.60194
189,6473.151423,6826.7365,6854.918025,6247.273362,6869.753864,6406.803096,6399.317465,6178.941963,6215.623559,6237.140879,6388.766674,6508.127046
190,7263.84055,7619.997414,7513.45684,6855.537611,7526.023478,7208.678408,7290.43859,6883.404117,7260.074869,7223.778333,6998.350591,7172.098407
191,7299.975276,7479.662453,7304.595083,6737.996534,7270.914655,7084.50264,7147.047461,6855.799843,7406.561469,7040.503737,6797.684325,7047.026175
192,7159.391057,7410.300843,6882.522069,6679.955939,7060.157591,6982.857817,6961.059985,6763.109136,7144.04039,6793.38176,6520.979979,6786.023567
193,2952.149242,3715.594352,2261.689769,2877.789269,4247.636994,4168.078199,3988.679142,3693.159448,4537.315897,2983.703309,3991.057515,2943.207062
194,2599.331271,3694.713333,2192.751737,2648.422806,4273.286499,4019.919772,3778.075377,3524.505849,4338.494658,3058.277656,3936.383262,2810.99246
195,2631.473238,3659.057944,2369.1489,2615.115378,3978.165759,4167.016558,3873.618825,3310.089413,4481.788751,3067.204915,3980.142765,2846.671403
196,3297.185687,4181.104118,3316.87764,3387.633811,4646.126259,4645.07259,4310.494322,3896.964036,4789.159042,3611.632646,4606.61946,3443.326511
197,4073.721375,4777.332608,4132.330623,4325.799432,5184.959668,5111.502764,4500.49957,4274.289427,4961.482493,4052.091073,4982.761717,3979.124924
198,3693.866714,4216.528852,3368.190999,3840.596664,4492.518461,4520.108398,4010.062401,3802.974939,4573.850845,3583.176729,4778.26729,3601.891422
199,3303.740784,3935.774821,3221.967384,3632.848927,4117.428174,4312.884325,3922.063115,3569.186506,4566.23409,3462.162649,4460.348983,3271.213594
200,3201.131566,4043.229229,3207.547663,3553.357353,4195.369032,4454.39654,4273.127826,3775.172004,4756.642827,3724.477034,4403.698182,3236.604144
201,3420.238387,4555.492703,3449.741183,3760.582494,4455.816838,4845.222262,4499.817953,3923.261198,5106.561429,4122.141158,4514.962853,3444.733756
202,3727.654199,4915.227349,3908.196291,4224.795734,4856.462511,4876.913181,4773.235474,4209.995421,5402.029742,4279.938641,4696.0668,3694.931344
203,3924.528062,4851.751223,4419.109859,4505.956254,4933.550396,4983.543246,5027.811738,4374.261828,5389.024794,4478.03968,4869.633657,3957.490263
204,4245.99956,4824.916572,4696.252831,4551.558568,4930.970647,5088.063971,4959.688709,4582.0206,5104.262104,4732.041342,4831.540051,4176.759361
205,4576.034755,5074.803356,4948.04784,4792.894909,5187.998438,5057.279174,5021.188387,4933.882642,5144.28046,4997.644739,4996.534759,4683.993479
206,4799.354533,5325.539942,5343.648674,4928.30397,5404.385709,5160.49954,5263.537322,5247.538233,5515.908899,5298.941935,5310.27949,5107.414505
207,4682.810711,5268.821343,5473.624102,5011.138872,5810.075719,5322.310811,5523.879998,5230.806974,5760.449967,5464.515473,5456.619901,5301.933003
208,4567.410181,5282.631743,5344.994912,4907.655226,5429.715608,4999.696145,5129.367621,5006.630235,5410.683594,5307.925418,4997.777022,5098.72171
209,4910.447633,5388.073858,5742.160136,5161.282202,5535.034316,5204.014805,5379.61741,5059.532032,5401.816303,5497.223776,5445.106249,5206.744743
210,5184.635633,5641.141121,5696.643988,5495.813613,5898.090843,5638.50467,5843.057021,5306.638785,5796.337577,5809.135681,5594.621755,5601.464093
211,4984.347684,5656.582491,5807.25911,5401.554707,5822.570321,5554.375413,5551.624495,5145.491058,5355.060726,5589.606574,5368.88216,5479.307259
212,5069.948537,5772.50017,6270.946261,5202.806402,5898.921997,5470.649716,5369.683515,5157.027601,5275.826973,5565.981524,5437.137829,5486.920954
213,5469.284051,5999.623254,6011.211669,5485.324205,6110.084839,5590.554349,5741.413322,5458.346934,5583.746779,5663.648636,5505.587033,5676.265148
214,5827.039428,6483.286065,5662.238981,5780.771981,6392.955256,5757.826221,6012.100409,5781.04107,6056.52057,5811.888888,5513.775124,5791.086261
215,6273.44479,6856.879345,5759.861298,5991.643721,6680.69004,5974.519703,6345.66893,6089.798654,6323.246235,6166.782268,5766.752193,6096.131497
216,6276.195516,7012.021273,5658.489428,5932.409906,6845.500994,6286.557382,6506.96295,6019.694012,6421.392128,6091.582125,5749.047668,6181.713165
217,6362.108794,7118.12243,6179.16165,6071.441626,6861.282525,6381.110536,6652.29272,6121.571082,6585.900608,6232.454322,5771.382228,6197.488825
218,6483.96936,6931.796959,6319.718939,6203.009906,6748.272896,6531.216471,6687.927605,6214.561324,6594.492887,6324.23746,5848.335824,6320.051409
219,6280.621288,6558.49068,6316.207846,6096.369635,6300.96246,6260.292422,6291.296701,6044.958268,5938.598196,6156.244462,5755.78793,6080.747896
220,6174.888302,6422.070689,6432.941594,5952.660229,6071.551747,6009.347797,5968.874688,5939.393128,5876.4627,5944.178156,5802.878718,6176.511108
221,6698.783116,6920.901558,6965.116774,6372.109279,6826.421582,6469.262687,6616.554099,6314.266085,6497.930373,6512.360025,6341.526042,6587.640713
222,7034.619568,7414.155562,7230.582561,6623.649412,7065.324926,6819.883842,7032.092473,6582.301166,7013.041068,7015.217645,6633.305956,6882.79412
223,7219.237283,7523.823717,7284.939677,6711.209005,7059.016224,7008.015705,7164.450557,6681.372643,7194.590077,6932.011767,6812.132995,7020.952817
224,7118.007978,7338.068489,6890.922377,6540.448627,6978.295165,6924.0188,6991.509571,6727.890808,6921.612594,6857.426021,6406.141973,6855.057916
225,2453.680704,3275.760273,1924.306571,2418.901672,4204.944606,3955.172451,3857.209661,3352.67883,4281.136586,2897.636569,3841.650476,2560.371608
226,2574.398861,3463.848162,2026.950002,2634.751332,3759.286923,3864.333835,3606.420883,3150.358749,4091.966433,2963.001061,3650.762281,2653.293293
227,2731.074455,3473.177695,2282.09952,2758.200677,3595.508715,3883.6397,3677.083045,2965.463414,4266.746924,3006.093467,3663.914509,2887.481483
228,2929.74999,3593.016649,2644.801268,3049.562063,3648.961744,4192.480359,3903.811523,3080.711224,4351.310546,3123.988843,3913.022815,2817.616098
229,3400.050336,3866.23455,3137.775309,3394.377117,4087.482291,4535.170621,3954.856785,3322.203676,4349.003564,3013.241521,4306.623359,2944.871973
230,3280.918282,3745.4513,3206.777277,3513.564927,4128.087415,4534.337601,3828.087052,3527.833838,4292.022784,3000.633244,4348.060888,3118.877499
231,2937.358296,3666.474907,3055.686786,3287.792621,4125.96802,4375.345018,3990.723833,3612.298012,4589.590344,3138.373932,4284.278859,2784.222189
232,3005.208905,4043.932914,3236.153781,3343.742046,4427.736944,4686.945191,4415.263339,3862.898183,5229.329961,3710.776596,4377.825002,2987.391924
233,3248.546311,4240.882654,3701.850977,3566.724932,4368.441526,4990.676253,4534.888627,4109.217731,5195.149172,4050.607665,4661.387791,3265.93926
234,3460.047322,4699.398311,4004.179352,3908.482929,4732.448287,5063.810164,4691.78277,4310.352867,5205.76091,4167.183106,4752.081054,3701.156901
235,4117.143279,4901.150478,4511.336644,4240.605804,5107.724617,5097.429498,5023.341138,4398.748438,5252.134882,4428.751714,4803.8372,4167.158919
236,4232.044057,4540.201415,4662.544796,4232.437546,4833.998775,5035.940889,4962.17315,4351.258551,5116.443565,4496.670771,4887.688554,4200.832642
237,4462.526019,4762.242321,4911.526275,4512.996701,5065.986342,5180.357726,5168.130951,4651.735916,5366.704295,4779.270236,5105.054116,4672.817855
238,4473.615377,4844.535689,5041.276411,4644.931317,5060.542982,4821.077918,4986.338261,4957.594178,5052.303857,4762.984841,5071.607526,4672.172366
239,4453.786755,4996.240453,5139.6395,4777.606155,5363.860185,4987.84807,5189.308598,5078.0736,5460.04361,5113.741761,5172.732333,4918.31361
240,4728.873367,5260.526429,5389.518562,4942.590868,5501.158834,5144.135957,5245.069,5056.000544,5464.386531,5254.249154,5054.325708,4972.587769
241,4979.039999,5503.885713,5804.238498,5063.967221,5526.300629,5356.903323,5399.272577,4993.386664,5346.010955,5478.288455,5300.37122,5252.855995
242,5332.829245,5861.697074,6100.104743,5398.266789,6116.866271,5821.058214,5781.724836,5274.536293,5916.184877,5877.311397,5472.587795,5499.870053
243,5321.537018,5737.453331,6320.292352,5478.962851,6079.287135,5780.035242,5576.943657,5372.364407,5653.839233,5764.004422,5375.125936,5417.09253
244,5551.1626,5798.375205,6647.20305,5385.55868,6144.652724,5686.02487,5661.319404,5365.650736,5628.968594,5813.530534,5583.481256,5595.455685
245,5596.197623,5939.768172,6190.738556,5383.274989,6153.147633,5578.515131,5768.008854,5498.6326,5585.996949,5621.728491,5533.289531,5658.39247
246,6247.265479,6551.677148,5932.088658,5868.845731,6502.358231,5974.586357,6242.372973,5879.655587,6244.663538,5998.443485,5798.805284,6023.40395
247,6206.875284,6777.030207,5674.145945,6039.791711,6466.028227,6089.110898,6408.061693,5982.537263,6252.005937,6167.57914,5738.53734,6062.118579
248,6223.503164,6695.126296,5692.971202,6062.771737,6499.722686,6259.454846,6505.797265,5761.218693,6354.950305,6161.184504,5787.931616,6219.633284
249,6263.435999,6831.23962,6210.475413,5895.151032,6492.158586,6314.199498,6525.650433,5987.105184,6136.564528,6103.06067,5724.620289,6069.424332
250,6056.994878,6443.592883,5787.168535,5707.798644,5761.362658,5735.66284,6018.973748,5689.156702,5426.580669,5825.590435,5526.612631,5625.082744
251,5866.281825,6097.660393,5786.210923,5340.901109,5594.13474,5443.691334,5724.310068,5370.883783,5217.95067,5580.128423,5401.767847,5553.04279
252,6186.524346,6502.131821,6373.332671,5858.059813,6048.236408,5969.812165,6029.672883,5946.800161,5764.246156,5889.942854,5872.071219,6197.697152
253,6866.237611,7018.736507,6958.46799,6308.794845,6840.934952,6554.677207,6626.523718,6433.140921,6567.070282,6589.070688,6451.789339,6631.138598
254,7168.550101,7330.535886,7237.98096,6492.621832,7052.742511,6855.278354,7007.076834,6552.244437,6963.593619,6943.267449,6684.521554,6872.009394
255,7207.564208,7485.794975,7078.677066,6609.052024,6918.374364,7052.556453,7231.132634,6607.719556,6929.004662,7079.481077,6745.115067,6926.709585
256,7013.788043,7127.87686,6966.487064,6494.107897,6805.617519,6860.398927,7026.943442,6630.927434,6780.086756,6678.527469,6259.72577,6785.952371
257,2793.997397,3346.8927,2024.656267,2705.231935,3865.135716,3601.854565,3731.718479,3018.984026,4022.747085,3010.720262,3358.995876,2473.10972
258,2854.040683,3659.6845,2190.56637,2829.22715,3795.519324,3918.193581,3607.979543,3002.110186,4187.417283,3243.000832,3563.012843,2824.33743
259,2974.540733,3908.715848,2505.848827,2937.691715,3831.134989,4125.483731,3721.584975,3028.551665,4415.298065,3253.305388,3936.037101,3072.631901
260,3099.398482,3795.193099,2751.222421,2862.988915,3991.88806,4408.425994,4060.640742,3108.35122,4543.760148,3253.995359,4145.863249,3052.30732
261,3284.715769,3942.466972,3181.887961,3213.210435,3990.4256,4574.096599,4187.819602,3398.315556,4644.60275,3305.166083,4348.999752,3109.298309
262,3291.024203,3844.083773,3397.19759,3450.214612,3909.400469,4513.849764,3926.681579,3627.614456,4476.514309,3201.765021,4303.895588,3012.950861
263,3033.309375,3852.719914,3236.471049,3334.687614,4004.121939,4311.07949,4078.428267,3581.443574,4565.812226,3206.205646,4428.568943,3059.172994
264,3148.049612,4050.84136,3317.025891,3383.243155,4405.817406,4612.033093,4387.46687,3548.060814,5012.158461,3715.61813,4272.682348,3066.900695
265,3278.005637,4177.535239,3551.830166,3442.671348,4455.84983,4831.186828,4527.124542,3923.228682,5089.696596,3934.672546,4438.489784,3165.200508
266,3291.775883,4313.173839,3887.686586,3659.067349,4341.608603,4945.325492,4502.891135,4027.933326,4868.552901,3877.690727,4432.438878,3505.033144
267,3656.571508,4743.508225,4265.084891,3942.069903,4728.613099,5110.458407,4812.699116,4022.269421,5238.288413,4162.171258,4693.295463,4127.542357
268,4242.660948,4768.030649,4497.834141,4121.851865,4969.950362,5100.274625,4992.830652,4260.609618,5406.495343,4427.022781,4919.960602,4336.253869
269,4581.327947,4564.156539,4695.529358,4425.95113,5052.387898,5229.91896,5144.409691,4573.93092,5408.251875,4701.813138,5236.138963,4617.017288
270,4740.960734,4740.957629,5060.228787,4611.507824,5181.611045,5183.533313,5296.667111,4982.546531,5346.205827,4936.499639,5284.044885,4852.820493
271,4628.545028,5016.816001,5429.166292,4735.352139,5466.833601,5206.832772,5374.865312,5091.768826,5401.284184,5229.552134,5397.472895,4928.031447
272,5051.472054,5281.506044,5783.863008,5055.29058,5627.637287,5396.983562,5513.979118,5076.661167,5775.48788,5491.960072,5298.201942,4934.989929
273,5188.952612,5511.677284,6132.452791,5027.506927,5839.900256,5640.589198,5591.326705,5051.187917,5936.600628,5688.527412,5399.087676,5255.772905
274,5271.815513,5770.629941,6151.415462,5146.003081,6002.742572,5739.664946,5669.253771,5139.361503,5881.565838,5686.852342,5338.423942,5462.242398
275,5581.689432,5892.590245,6364.948993,5193.591913,6119.025622,5769.330632,5718.448343,5282.93452,5927.651518,5805.617273,5435.881195,5560.83935
276,5824.928184,6208.206549,6543.597984,5394.928418,6465.441261,5927.349109,6066.749504,5437.076269,6118.282782,6055.493241,5842.072729,5936.94244
277,5596.245578,5848.647844,6127.080254,5145.485753,6014.038602,5455.423771,5679.741842,5171.572932,5747.599716,5547.73676,5620.595138,5596.907984
278,6219.404141,6363.457463,5939.190305,5696.697927,6494.586821,5921.371191,6212.452125,5626.351646,6191.391927,5852.679021,5858.882492,6027.382633
279,6294.959391,6523.692531,5612.847643,5980.340801,6468.234907,6157.508823,6526.770812,5623.055769,6410.203521,6200.275274,5773.623232,6063.589523
280,6226.239699,6469.568943,5833.786574,5922.205635,6348.75514,6081.78147,6495.879049,5821.86141,6378.359833,6075.015599,5815.768991,6134.42901
281,5975.677654,6335.229316,5858.754053,5704.791073,6023.821442,5896.243232,6226.269908,5603.754252,5844.629449,5823.026923,5710.542844,5764.093692
282,6070.215319,6426.351371,5794.339564,5856.160772,6010.461331,5797.573801,6290.190458,5698.024088,5836.26416,5951.059634,5765.072701,5938.851671
283,6188.071964,6501.918101,6128.625332,5761.395993,6076.229404,5906.958733,6345.6,5889.895984,5980.595649,6051.263009,5991.496248,6135.714557
284,6446.176024,6702.154194,6613.622682,5906.765711,6313.2097,6282.175609,6409.529703,6158.289067,6216.675744,6125.590198,6385.432793,6417.525341
285,6569.71711,6823.915126,6762.138889,6047.101877,6537.583583,6388.203089,6437.104787,6172.770875,6345.337576,6225.486184,6334.067927,6416.111523
286,7266.952515,7316.551162,7131.725345,6530.312392,7022.769992,6966.375437,7085.052433,6666.239539,7073.146214,7082.951495,6824.794488,6973.658982
287,7102.789284,7213.168709,6858.922054,6492.417618,6811.927537,6959.666738,7134.066021,6609.824476,6908.599842,7058.198781,6651.343443,6901.72018
288,6983.081595,7151.974243,7109.957661,6447.255638,6870.267217,6905.353513,7071.160229,6627.728797,6845.458234,6873.012612,6299.214317,6808.761875
289,2891.68853,3539.836679,2178.72369,3164.974586,3836.426581,3496.677364,3869.002728,3019.24712,3999.469402,3013.391368,3435.821358,2559.990137
290,2776.232367,3820.310343,2327.878429,3159.334224,4025.087129,4030.788944,3782.867329,3067.417574,4184.386308,3264.223147,3740.360562,2766.949
291,3015.070729,4328.003727,2586.184612,3074.408211,4270.63231,4249.553939,3852.924362,3138.31824,4469.327894,3419.889583,4057.23702,3173.103947
292,3354.376742,4214.692332,2905.952394,3131.297976,4335.286925,4564.086795,4194.814975,3293.449205,4616.650491,3465.753286,4207.966163,3363.714708
293,3537.52316,4042.80083,3303.123716,3195.724669,4085.855705,4570.809961,4396.156083,3452.966798,4807.876917,3519.548333,4376.852306,3503.591372
294,3665.94967,4114.64735,3562.650392,3524.216427,4048.571259,4599.577544,4284.907385,3520.509011,4717.42589,3515.514629,4431.196111,3498.162378
295,3456.383653,4186.360744,3727.424395,3744.2924,4165.508879,4622.750191,4301.019804,3636.563981,4859.214583,3576.076116,4511.021918,3413.893614
296,3383.678262,4024.501203,3685.890209,3928.822739,4482.311772,4658.962868,4507.821745,3628.954022,5080.371708,3858.976178,4456.005387,3402.547529
297,3341.666223,4252.887017,3627.814415,3581.534925,4399.499294,4736.729284,4521.831902,3620.452432,4979.313489,3816.162708,4487.252695,3250.619765
298,3445.478997,4395.630607,3775.289896,3586.800579,4351.269326,4824.096602,4552.273664,3893.288518,4971.02783,3977.007833,4564.720614,3480.069456
299,3712.824557,4578.881665,3848.058416,3674.28702,4399.409301,4976.263984,4673.367623,4020.400101,5106.675876,4184.145466,4703.358382,3877.91609
300,4266.684786,4758.253068,4098.666256,3851.101386,4526.056294,5034.133248,4888.225866,4116.506088,5128.237649,4301.341949,4833.475437,4295.927948
301,4694.810659,4611.585409,4566.203352,4201.436489,4850.114096,5051.4729,5065.029381,4316.655195,5172.865929,4552.584202,5115.482917,4546.469453
302,5023.960384,4784.492821,4977.110293,4507.080632,4979.454295,5222.643228,5320.652113,4707.573151,5453.901588,4835.280153,5217.247735,4786.051036
303,5188.563852,5198.038532,5414.163698,4717.67318,5441.355847,5369.742816,5556.958964,5066.505897,5654.24059,5138.550156,5269.188239,5069.555893
304,5149.683315,5289.339689,5710.899227,4851.114514,5712.419731,5352.412164,5490.480173,5140.707165,5673.640567,5224.900855,5012.733587,4987.517207
305,5269.597862,5651.073184,5709.705024,5041.147399,6006.360467,5453.985436,5526.934532,5271.261751,5789.826652,5532.156183,5062.389567,5365.660552
306,5396.187105,5887.566877,5906.544482,5269.057284,6163.32278,5634.597302,5711.121043,5355.918647,5990.592006,5796.428626,5232.033376,5499.109015
307,5690.545027,5850.793683,6418.575017,5469.022338,6295.892033,5805.396239,5884.109673,5114.48222,6215.368662,5879.22805,5487.316517,5587.208092
308,5848.554093,6049.296374,6444.098044,5482.048602,6428.970633,5911.944192,6108.553228,5167.972689,6398.873306,5931.603572,5803.821821,5858.682072
309,5869.122463,6040.092755,6359.000772,5342.746472,6312.456887,5683.054078,5968.449179,5008.249759,6015.011307,5657.919599,5779.905159,5803.321016
310,5981.837755,6172.030408,6201.479528,5454.277002,6305.977128,5704.770379,6146.762644,4998.922764,5949.512271,5717.374571,5722.123604,5957.114469
311,6193.917612,6427.970176,5933.581633,5721.745661,6435.594223,5989.712607,6476.850742,5433.902694,6261.550758,6090.346726,5644.693272,6155.182774
312,6117.1626,6451.840818,5760.694396,5700.624296,6177.417638,5975.0401,6459.656946,5748.265511,6325.50779,5992.428146,5607.655814,6057.39928
313,6303.661489,6942.783272,6015.384644,5910.564437,6420.072322,6276.795003,6657.032632,5834.773288,6508.282325,6230.897407,5883.742316,6334.33131
314,6185.445773,6770.775959,6019.361302,5819.356339,6298.949581,6014.888372,6527.855007,5951.328285,6272.537235,6187.573422,6027.868094,6257.237189
315,6296.121349,6614.983676,6133.016135,5813.063069,6158.10994,6019.897037,6487.823108,5950.598831,6219.541958,6092.464279,6020.223601,6211.226169
316,6736.809282,6910.112767,6508.725688,6061.129613,6452.565054,6589.47287,6740.602451,6228.690902,6633.990044,6455.507029,6535.373643,6570.915391
317,6481.146883,6567.025903,6525.484026,5995.615095,6279.082129,6353.364528,6420.363686,5981.938976,6360.326082,6232.722629,6283.343635,6308.061948
318,6911.746318,6909.843196,6824.395248,6330.36558,6686.554626,6776.327988,6837.624432,6308.241983,6926.672752,6790.838346,6555.414646,6647.748152
319,7144.704498,7252.745665,6932.343938,6507.354072,6995.97485,7155.635166,7187.094695,6549.375743,7206.328723,7147.528375,6764.611751,6917.388849
320,7187.323694,7311.396242,7028.615748,6434.372982,7078.790987,7222.184265,7254.768764,6787.290211,7006.418256,7199.648658,6554.095139,6961.742415
321,3043.348026,3637.272663,2206.250117,3301.609342,4041.516293,3663.068313,3615.022187,3190.93522,3953.415171,2907.044521,3413.340628,2568.173468
322,3034.533833,4113.21567,2522.96559,3609.806925,4169.282784,4015.047161,3844.017974,3139.823579,4296.19677,3165.099796,3763.831911,2805.499752
323,3147.990275,4209.993904,2654.598063,3417.926159,4414.858705,4256.454004,4032.2053,3094.837285,4491.095642,3454.287891,3905.579455,3155.345185
324,3337.342737,4238.96633,2785.980547,3315.639591,4568.591399,4680.450161,4298.000068,3351.541352,4712.66346,3381.923529,4201.588448,3259.148984
325,3360.100096,4075.38758,3112.529539,3241.078064,4369.728386,4594.304354,4419.870153,3446.921411,4860.53687,3490.135393,4410.228337,3403.02647
326,3377.875084,3888.71028,3253.554176,3407.737491,4335.692975,4501.999856,4260.794385,3542.952145,4873.977402,3426.282217,4449.678691,3224.057925
327,3406.613164,3986.591222,3452.662383,3682.131046,4220.545698,4518.300456,4267.486797,3567.653213,4934.240247,3392.106967,4226.145432,3044.044682
328,3323.539627,3870.977952,3588.665134,3696.651517,4090.759198,4467.288572,4171.159982,3634.625395,4831.699363,3589.60688,4069.203152,3321.409779
329,3327.950735,4149.825731,3796.147239,3630.12751,4225.639709,4574.951696,4323.296483,3673.972831,4845.506776,3747.1047,4221.487413,3390.571112
330,3415.177406,4350.199877,3809.619671,3506.62717,4405.213537,4718.271597,4483.231204,3824.270683,5031.618289,3931.417826,4386.773973,3648.040495
331,3679.5848,4485.350533,3790.738262,3438.691058,4564.050671,5054.61634,4621.845959,4125.577111,5200.484014,4267.622879,4718.943051,3845.130691
332,4046.591472,4638.964723,4065.829794,3704.597074,4352.681282,5052.282136,4729.069383,4018.046183,5075.046236,4293.389347,4775.068924,4145.18622
333,4443.599431,4888.203663,4340.463494,3930.340473,4686.783908,5076.637893,5051.030643,3980.621471,5194.821185,4522.871707,4958.445832,4514.629651
334,4884.571006,4963.433709,4684.110135,4275.216436,4773.235904,5145.267989,5117.833499,4348.955981,5388.665208,4706.865937,4908.69098,4819.637546
335,5234.439403,5170.446604,5118.98433,4555.556002,5167.908677,5436.251302,5313.816557,4830.026295,5577.984616,5017.278833,4821.643449,5122.756451
336,5336.066106,5279.793213,5716.069928,4862.601438,5746.584784,5696.851747,5493.18099,5026.363746,5760.284663,5324.325835,4828.80664,5406.748626
337,5536.774039,5558.753159,5889.558477,4995.419266,5973.604647,5518.580073,5633.208144,5102.862977,6007.37911,5549.528602,5030.054563,5495.959543
338,5836.327929,6035.144498,5860.030366,5306.705471,6284.640154,5876.004497,5952.245297,5334.2847,6290.065019,5809.216779,5050.035259,5671.572264
339,5738.76246,5568.617765,6372.572031,5245.276743,6047.577842,5702.121974,5796.329878,5094.504062,5891.529892,5711.182913,5197.668579,5344.084825
340,5847.536396,5622.224856,6636.880944,5524.141213,6156.243015,5725.276634,5954.21491,5113.53508,6057.963696,5766.079241,5526.615873,5510.86398
341,5922.101342,5720.271351,6635.848329,5361.651776,6226.013257,5591.211702,5920.864629,4886.036771,5960.079114,5622.104227,5621.470585,5468.756716
342,5939.850767,5992.885642,6186.316774,5508.454829,6250.790221,5630.220401,6077.07091,4898.340902,6039.941298,5684.789902,5392.593275,5713.919534
343,6059.555677,6406.260862,5891.927666,5592.197721,6221.592924,5851.825023,6240.197754,5325.494287,6104.14238,5830.981631,5567.989908,5902.481084
344,6117.207865,6615.78096,5873.952624,5754.659039,6276.178498,5911.881232,6417.664241,5633.353241,6174.887811,6013.221151,5652.186468,6113.391119
345,6471.671932,7093.932431,5987.53121,6129.035375,6691.556568,6314.095248,6853.392952,5900.289978,6632.053068,6415.389289,5823.222526,6540.44945
346,6464.427815,6816.973567,6291.426442,6077.361924,6422.870602,6191.14025,6615.28288,5888.699513,6514.173338,6263.55755,6066.254704,6335.097244
347,6411.667779,6644.697762,6223.815167,6024.750357,6371.180537,6227.704077,6523.054407,5970.256724,6420.721364,6125.186006,6127.796812,6316.661036
348,6864.736391,6935.260385,6598.649122,6244.589756,6619.085368,6762.23569,6909.612386,6363.333394,6972.830944,6569.272539,6541.013369,6664.073332
349,6819.938334,7042.225823,6667.964716,6302.603255,6632.749115,6803.605663,6979.350113,6308.126553,6967.494939,6595.70718,6535.153791,6672.619597
350,6514.842485,6740.389841,6414.65683,6061.723137,6387.790904,6521.295738,6654.436586,5790.261509,6558.596872,6243.514011,6124.776361,6343.309682
351,6709.028838,6856.657572,6470.584794,6167.168951,6629.128617,6733.702534,6798.586449,5995.083212,6668.54515,6566.034684,6343.118205,6508.729078
352,7067.484477,7250.147537,6723.622705,6352.281287,6961.886583,7122.155574,7273.409789,6548.370826,6944.96646,7085.614947,6531.006274,6852.295034
353,3252.655162,3523.916847,2445.58818,3379.068378,4209.407959,3785.367717,3766.516876,3363.136645,3777.282909,2982.556798,3699.308558,2667.59
354,3101.448537,3561.307443,2485.878757,3392.424351,4440.189919,3921.689215,3833.564918,3146.814901,4133.538857,2964.037751,3726.113768,2820.182844
355,2937.933927,3619.916167,2515.599709,3474.801038,4684.484229,4218.790534,4072.677976,3265.278174,4399.263592,3271.960468,3935.720179,3118.569891
356,2907.454073,3838.636633,2619.099517,3185.148016,4603.266991,4609.114441,4298.834505,3377.402618,4711.006122,3486.44144,4155.646718,3148.646427
357,2901.415007,3943.350536,2765.431994,3281.082741,4188.03085,4271.090099,4252.326456,3395.749607,4626.173637,3251.230928,4145.646877,3034.880277
358,3160.282483,3850.787329,2954.128984,3272.376186,4092.694993,4190.639217,4121.757167,3409.866363,4730.797854,3332.338685,4119.50964,3065.762504
359,3595.502767,3935.418033,3472.448599,3826.391617,4281.509048,4616.273108,4294.397362,3683.763293,5199.848962,3496.807801,4286.16747,3134.7683
360,3527.034386,4008.760119,3822.343231,3960.67751,4409.338169,4608.153113,4486.220012,3751.350373,4988.104686,3595.394058,4119.252394,3360.585678
361,3500.695091,3956.570595,3823.979479,3502.061469,4353.899664,4564.025811,4445.893711,3834.217095,4762.867606,3678.71535,4196.676648,3482.970041
362,3697.932696,4151.472953,4076.23267,3535.001404,4279.70198,4741.241035,4725.780677,3930.627403,4873.945853,4044.379788,4401.93321,3796.610598
363,4006.221789,4344.427832,4136.641506,3635.375775,4383.773956,4969.651472,4747.045886,4108.976319,4868.207659,4218.689578,4554.388833,3906.779893
364,4158.782998,4497.59314,4251.635962,3838.664306,4547.261334,5109.362183,4907.177287,4191.341433,4919.847015,4435.886654,4789.735442,4214.093653
365,4406.344562,4862.027773,4401.960408,3976.879981,4620.091215,5234.505449,5056.415104,4109.504054,5074.046843,4521.607146,4906.976753,4460.70743
366,4674.979664,5035.668701,4462.592234,4259.164578,4675.883117,5219.794671,4965.858151,4285.981335,5214.060616,4684.704418,4710.531312,4766.355808
367,4743.3428,4839.442246,4543.281467,4085.088716,4839.488185,5334.718491,4949.15779,4489.803336,5286.592431,4670.467047,4299.939,4740.298128
368,5246.166884,5048.073298,5364.503656,4385.170697,5398.109318,5628.035134,5416.836861,4805.319942,5760.930588,5161.997121,4610.543226,5100.628749
369,5554.570271,5327.850442,5819.86959,4664.810644,5735.990484,5503.075966,5581.032565,5077.210998,5897.622324,5343.681944,4892.816988,5198.714229
370,5722.450422,5627.382677,6068.464194,4887.598326,5836.622229,5503.023088,5642.861577,5174.619654,5967.481915,5450.777491,4746.585217,5253.213346
371,5772.863442,5624.578081,6126.520372,4993.938807,5807.28117,5575.000053,5754.631953,5217.451512,5807.405515,5610.312337,4964.351159,5309.045605
372,5898.336086,5582.608649,6420.449132,5078.581228,5788.804721,5693.523949,5797.850768,5038.548972,5624.979459,5686.810231,5175.674507,5237.353905
373,5790.676098,5657.582978,6316.316809,5311.627422,5919.099465,5595.701947,5917.730105,4887.875523,5816.889028,5635.277959,5257.729116,5396.154029
374,5876.926485,5969.562771,5983.841252,5545.195196,6023.386858,5643.1817,6041.602136,5074.179828,5977.533505,5772.605486,5338.684738,5636.315918
375,6285.940306,6486.710577,5934.141967,5827.191735,6420.374868,5987.986484,6480.697765,5323.789654,6352.371425,6166.247661,5699.262124,6128.71096
376,6446.299209,6838.495279,6034.788835,6081.194144,6638.630655,6008.912077,6790.927588,5640.40903,6508.530462,6299.834407,5864.541262,6327.889052
377,6347.383804,6967.393949,5844.082949,6182.083856,6625.641206,6153.963202,6833.90261,5943.200908,6714.715007,6397.313164,5830.26233,6364.150625
378,6718.796369,7178.422715,6229.952123,6438.616839,6788.41032,6425.013727,6971.841642,6198.762593,6879.544406,6645.104116,6342.630983,6675.197502
379,6573.521849,6916.980823,6105.095319,6135.845915,6660.16204,6580.146236,6772.876933,6055.812824,6693.690691,6526.543736,6338.156038,6503.362368
380,6643.030971,7011.812964,6118.677511,6065.922281,6554.747789,6685.512146,6797.713182,6267.359988,6826.351739,6578.152874,6323.997072,6525.132558
381,6403.09267,6734.75543,5845.377819,5861.653372,6221.41298,6299.706373,6575.720079,6031.216282,6441.415969,6272.135402,5954.019965,6260.682872
382,6700.238725,6999.800064,6221.916852,6256.650335,6568.705383,6675.824398,6980.205926,6075.053835,6814.537076,6492.209411,6232.823004,6507.764259
383,6388.207098,6639.579842,5803.719354,5892.470553,6317.423344,6460.672757,6660.18865,5748.663978,6383.994772,6147.633671,5979.913364,6204.675071
384,6786.834548,7105.010236,6146.3734,6183.266401,6805.278191,6858.827379,7035.829806,6202.102703,6733.456305,6812.12495,6288.303042,6633.447567
385,3064.787455,3285.183568,2611.480943,3444.542216,4633.631447,3856.718593,4003.513169,3594.833055,3995.208499,2906.425633,3903.171724,2665.127183
386,2954.179285,3294.047124,2455.710397,3647.772747,4639.180792,3987.687555,4070.817784,3556.391913,4226.130795,2924.828974,3775.590233,2844.182157
387,2955.899594,3342.35348,2337.722873,3625.923399,4763.036919,4115.591842,4071.300632,3450.284822,4263.166829,3118.415727,3892.039169,3078.702081
388,2837.835471,3521.113173,2548.52632,3354.613942,4507.633899,4249.66399,3805.06525,3285.621494,4142.067067,3107.887047,3743.752348,3075.377246
389,2933.14026,3921.173702,3009.980922,3538.41395,4049.457887,4210.742396,3912.483674,3329.416617,4168.554353,3083.571619,3706.946161,2973.993294
390,3427.681275,4159.262331,3314.053957,3622.347966,3950.381182,4526.98893,4206.879474,3542.487881,4705.190825,3490.332947,4029.045003,3263.752052
391,3693.791433,4150.172702,3619.169583,3775.838838,3996.135609,4791.23338,4405.009854,3733.18586,4977.429635,3679.12666,4279.138582,3350.817247
392,3634.486576,4126.961813,3827.49524,3953.368667,4260.272455,4783.948612,4522.741791,3924.189534,4866.924118,3806.256685,4312.266605,3376.874073
393,3705.547516,4125.036286,3713.288082,3798.54485,4368.769863,4854.419331,4586.311007,3912.630659,4740.177149,3827.509888,4348.693069,3501.791454
394,3895.954036,4102.773044,3893.45661,3756.73147,4237.020904,4753.225585,4728.617071,4008.691209,4820.721999,4068.187829,4479.830814,3773.973722
395,4174.156827,4214.163024,4182.642572,3915.111794,4286.975945,4927.568025,4808.145145,4208.169618,4742.554569,4241.825898,4536.542783,4089.143379
396,4297.247493,4461.261557,4396.954792,4123.091538,4676.733814,5089.292274,5066.553531,4505.565126,5030.314718,4562.98504,4787.202838,4285.824627
397,4454.228331,4888.147678,4602.336629,4370.534314,4980.485092,5414.91288,5365.122686,4569.005277,5317.839893,4818.914438,4841.572566,4789.841945
398,4742.055457,5131.583158,4780.826547,4522.956253,5082.476504,5563.462198,5193.307527,4646.37747,5352.094427,4793.089721,4830.539074,5159.459977
399,4906.950731,5069.315871,4876.097468,4359.479289,4875.215773,5388.312716,5158.24158,4700.270969,5543.139292,4846.444637,4601.497879,4876.180786
400,5273.627124,5069.552813,5424.280775,4433.554645,5197.98566,5482.706556,5332.334678,4645.277505,5854.447127,4977.008566,4637.139811,4907.095703
401,5279.001669,5223.995441,5586.787893,4480.641147,5501.34175,5451.183008,5368.675845,4930.895644,5622.895058,5019.912654,4614.011274,4922.843207
402,5573.218899,5545.9224,5900.010727,4610.467795,5749.049445,5718.133276,5460.798933,5321.165255,5560.690599,5268.860442,4675.396547,4961.362499
403,5625.628596,5439.129782,5822.326481,4758.054119,5707.591788,5598.818225,5553.505798,5226.18074,5592.861342,5353.071259,4707.984315,5025.869888
404,5731.440358,5821.710675,5916.73197,5044.579887,5841.056307,5614.809866,5915.340737,5293.00391,5927.276372,5666.349947,5010.647098,5400.028212
405,5708.690098,5701.882405,6096.529133,5066.865188,5685.676483,5397.241056,5764.404222,4823.609323,5791.221897,5569.891409,5064.381221,5333.769427
406,5294.351125,5530.654028,5392.242291,5030.78474,5403.503144,5015.737995,5499.362724,4814.016281,5513.281754,5468.242824,5220.96041,5355.32814
407,6140.353929,6457.852625,5786.587113,5664.446986,6216.141535,5854.294365,6438.177282,5574.489034,6248.270701,6202.2158,5841.313762,6060.011435
408,6033.668221,6471.72087,5749.621921,5719.986932,6117.500204,5766.860542,6307.667286,5601.905034,6193.449968,5983.316693,5423.2228,5974.811574
409,5907.190366,6471.187756,5482.929306,5657.040948,5989.511086,5554.325636,6109.734737,5682.400267,6057.787853,5882.100244,5373.317726,5819.04681
410,6062.530631,6440.521822,5412.035876,5726.448017,5941.750018,5880.032764,6176.185855,5809.820606,6068.790418,5955.082437,5612.047872,5942.303023
411,6363.730975,6661.395684,5606.197759,5825.500741,6311.925733,6403.733567,6628.650969,5936.79609,6455.564302,6300.809492,6028.686022,6294.512639
412,6486.324275,6869.265549,5702.946808,6008.146535,6276.711338,6492.558558,6680.833985,6213.513852,6644.733609,6394.499633,6188.804566,6416.054035
413,7165.398775,7434.742266,6328.345961,6587.247365,6976.553687,7135.047181,7376.072727,6707.663208,7339.194209,7109.463622,6721.416458,7006.894525
414,7022.079233,7186.660964,6427.185384,6509.428932,6960.733929,6903.434875,7236.774495,6476.762762,7100.857523,6925.591785,6587.382096,6799.672294
415,6336.28248,6659.447152,5682.506669,5762.536984,6337.37227,6438.3705,6591.542648,5837.777872,6181.556388,6112.802526,5889.076277,6089.035129
416,6093.120155,6359.57082,5465.873726,5648.69805,6183.801316,6220.645283,6318.825459,5607.321897,6020.458343,6044.298688,5720.495133,5917.384484
417,3403.363108,3527.655238,2957.755179,3951.867437,4562.352653,4170.960976,4085.791584,3678.380296,4095.386502,2983.173769,4032.369591,2940.191956
418,3452.53943,3525.917426,2728.486406,3996.17304,4603.031321,4256.112635,4023.044833,3741.275997,4220.594973,3012.233636,3938.89514,2995.410178
419,3373.578932,3730.309675,2551.27981,4128.095992,4560.186686,4258.875336,4069.463725,3762.254027,4389.883482,3201.365053,3969.500877,3071.423501
420,3403.695246,3639.42284,2548.902867,3911.348566,4249.662696,4113.943589,3552.610761,3482.700847,4009.265972,3054.328303,3605.835265,2926.195868
421,3428.480994,3882.384612,3106.353827,3958.750815,4125.356378,4257.494086,3782.752156,3564.393206,4299.087636,3024.759319,3631.843364,2966.104166
422,3505.227826,4156.985824,3444.947634,3881.609994,4177.847896,4625.00607,3937.502529,3733.85734,4477.560401,3348.46224,3933.92561,3197.782969
423,3524.272941,4274.117532,3561.626268,3790.465817,4088.932673,4738.374013,4448.379383,3800.013055,4862.808922,3696.561638,4300.555737,3312.390131
424,3826.2212,4410.449379,3680.074839,3867.417552,4137.59401,4828.273162,4744.454933,4016.294535,4889.78117,3826.671328,4533.80801,3270.550814
425,3788.139973,4201.379003,3679.981032,3797.558586,4206.38023,4753.122862,4588.605061,3956.446236,4697.182333,3862.651056,4345.368039,3367.79226
426,3913.339087,4244.039159,3887.722966,4052.079076,4175.685617,4859.872874,4750.586959,4051.491577,4802.159896,4174.4934,4416.707941,3847.89575
427,4107.980347,4284.119686,4109.791046,4193.59271,4206.677569,5019.68792,4892.871601,4264.492557,4731.097681,4283.960108,4662.872026,4199.691421
428,4266.710633,4433.63408,4430.418666,4063.669693,4292.651303,5194.98891,4992.293064,4421.029884,4799.208755,4394.309365,4679.046429,4223.340012
429,4614.613927,4717.463226,4861.922225,4379.119524,4525.080228,5360.036189,5184.493784,4627.915168,5224.944333,4696.412413,4720.023537,4534.302665
430,5049.258047,5076.318792,5133.568573,4669.727542,4868.267702,5595.653824,5251.171811,4571.98441,5465.27477,4918.543891,4923.305849,4909.658506
431,5217.454944,5191.492868,5202.813603,4609.271887,5062.676628,5666.967576,5215.594817,4624.222798,5737.592157,4975.583509,4746.964034,4969.952652
432,5381.11791,5115.201492,5419.236829,4606.851391,5044.913033,5435.216699,5245.188142,4807.62308,5871.645134,4928.980826,4746.745181,4823.186179
433,5417.655836,5237.1466,5757.944373,4432.079097,5368.78421,5493.76818,5319.82343,4970.221875,5613.288349,5011.07694,4496.404391,4719.136045
434,5748.916433,5488.24678,5882.035599,4537.848192,5710.267157,5883.383525,5594.413567,5258.314792,5550.141491,5196.781428,4776.792964,4873.039457
435,5617.419315,5397.499622,5939.952171,4366.340462,5707.713927,5728.26053,5585.460211,5214.511665,5542.615804,5197.690463,4876.02831,4954.484033
436,5586.444382,5700.08582,5829.742434,4893.226691,5973.463088,5677.119737,5869.765074,5398.228298,5790.717692,5519.504917,4983.625155,5283.916016
437,5466.741347,5587.465592,5813.979485,5009.269411,5654.894082,5227.64916,5695.260907,5156.325702,5572.612248,5460.750866,5038.910053,5168.507878
438,5467.191308,5836.990337,5645.584903,5202.968592,5548.927596,5183.613867,5722.732506,5146.804071,5527.917222,5511.545408,5312.365613,5401.102545
439,5809.113278,6197.266444,5592.379863,5350.490307,5827.79663,5375.980485,5971.245855,5427.226959,5775.208123,5870.306537,5560.082338,5644.688167
440,6084.050199,6402.73643,5788.181372,5669.304769,6009.698108,5607.543801,6349.457178,5690.221456,6139.621168,6222.964972,5715.74868,5938.446387
441,5935.571907,6234.30275,5486.455921,5590.02424,5808.622663,5665.535173,6188.995183,5648.406835,6090.555682,5918.623827,5447.930335,5764.77486
442,6440.433839,6433.550623,5718.135655,6019.95841,6292.468477,6322.159189,6603.732173,6112.776493,6588.995739,6282.07684,5843.610264,6266.422904
443,6862.060464,6813.792276,5887.111782,6350.83132,6720.986195,6742.455676,7050.400597,6292.197679,6996.25251,6623.866621,6387.372819,6690.293255
444,6628.68719,6780.356016,5848.258619,6061.216038,6370.720384,6549.466694,6820.455296,6227.968194,6694.264745,6478.227653,6299.429489,6511.241146
445,6764.808257,6976.235998,6253.378856,6301.687982,6693.556086,6662.986461,6952.010412,6419.38128,6867.818208,6813.852886,6395.134526,6667.217859
446,6909.305034,7138.178419,6329.180075,6381.648412,6809.939755,6790.768488,7035.048684,6502.274713,6787.969484,6907.911891,6587.64464,6638.7622
447,6642.777017,6930.695507,6199.562862,6053.728061,6620.515082,6649.362431,6808.103135,6271.605507,6389.203818,6491.988897,6245.432802,6315.248283
448,3484.317817,3773.215684,2938.327567,3998.515249,4455.679168,4566.870849,4061.816317,4014.202996,4101.647048,3190.234611,4241.639604,3179.388987
449,3759.218863,3716.797323,2746.190467,4107.205018,4480.275751,4350.138035,3961.282558,4001.13058,4208.537176,3192.360757,3961.734354,2944.943595
450,3740.294045,3935.525566,2677.57224,4086.33039,4226.183516,4283.795598,4027.24686,3983.16365,4109.517211,3241.298576,3853.25767,2900.105412
451,3779.060087,3828.015951,2774.597724,4126.626611,4098.755929,4348.295633,4082.424637,3780.107525,4092.429774,3171.543011,3816.540567,2945.704587
452,3554.208993,3897.2811,3158.208277,4003.427527,4157.169451,4368.742625,3822.000183,3727.435396,3869.75007,3037.76219,3899.352709,2988.869584
453,3658.502492,4055.271032,3385.236239,3991.014155,4029.962476,4466.577492,3801.63168,3844.17234,4157.768327,3206.28844,4051.721745,3167.65455
454,3702.347054,4019.282865,3448.692142,3825.991343,4141.317778,4348.920217,3927.418193,3910.58573,4279.958886,3471.105895,4088.876017,3251.465065
455,3990.953094,4402.031482,3698.706157,3937.128416,4336.973683,4780.460594,4502.516544,4094.834168,4744.715594,3795.615931,4497.573026,3278.851607
456,3970.20586,4377.102528,3626.855664,3977.07663,4334.640548,4812.371552,4673.672664,4180.537836,4807.475161,4098.039995,4469.05713,3463.7593
457,4130.605443,4444.680307,3871.264471,4233.145534,4316.214774,4845.544423,4807.779392,4235.73725,4750.834313,4319.103812,4342.589971,3658.775489
458,4184.734721,4393.241817,4032.348325,4130.7217,4378.835534,4938.452938,4786.949155,4348.645567,4597.500694,4273.945553,4348.999511,4087.602877
459,4301.826485,4300.424818,4191.148814,3993.225006,4312.295652,5156.86258,4846.91236,4392.089368,4666.578837,4205.391538,4321.91634,4147.074823
460,4671.41824,4541.597214,4625.679321,4237.822471,4294.799581,5427.151725,5074.017121,4577.831069,5082.895094,4519.710151,4644.220106,4446.748508
461,4869.442414,4777.550764,4857.748387,4534.736608,4411.483587,5395.498074,4941.618599,4247.909047,5127.285974,4482.581401,4505.271195,4377.914824
462,5174.189654,5009.606912,5140.297607,4749.70523,4758.745443,5269.528665,4952.122365,4222.982209,5469.397568,4609.921315,4558.406337,4516.085899
463,4678.794292,4730.223033,4774.575043,4266.839209,4409.343649,4897.111296,4779.079608,4199.203143,5095.060666,4286.900127,4287.54837,4275.645337
464,5522.977079,5315.257289,5658.028998,4557.055629,5116.414703,5315.051488,5309.600559,4897.341704,5458.559045,4911.436375,4470.2593,4549.713586
465,5755.365471,5418.125493,5968.092143,4559.912956,5562.263815,5570.169627,5558.868607,5094.075562,5437.460958,5058.601882,4517.872454,4727.070842
466,5624.580074,5608.366828,5709.532915,4567.347978,5677.09867,5487.092242,5512.647717,5188.403155,5605.593093,5228.009284,4854.475925,4998.099631
467,5435.761982,5481.42504,5542.117952,4714.333527,5511.252924,5256.942535,5503.765939,5121.031924,5448.340452,5140.316871,4721.358659,5043.448685
468,5239.533113,5492.920865,5358.573337,4912.78303,5317.319372,5045.004147,5397.045033,5062.384823,5144.204319,5074.766315,4834.079154,4903.482704
469,5557.036919,5721.831355,5668.90756,5140.062948,5643.998688,5253.582443,5752.419284,5258.620862,5544.399103,5461.730476,5095.631577,5267.215985
470,5952.984869,6314.069191,5626.707163,5523.972536,5799.430338,5454.433774,6205.447163,5647.065807,5515.028055,5889.986837,5640.032813,5784.831316
471,6262.260512,6393.782181,5801.590465,5849.506517,6199.944079,5728.360909,6621.758117,5781.364256,6358.832277,6351.902706,5633.025336,6150.155099
472,6258.597509,6367.324023,5715.900413,5947.822051,6232.946382,6128.794566,6590.588924,5885.186767,6517.235283,6386.050306,5829.433253,6174.774982
473,6752.012803,6761.563428,5888.953787,6333.891843,6868.946089,6646.379023,6938.253334,6400.599994,7038.357153,6666.150198,6406.37316,6679.453964
474,6806.11651,6754.968495,5900.469282,6414.364489,6663.242792,6642.309718,6954.911227,6341.068162,6934.654133,6658.036941,6439.652034,6685.928359
475,6155.585116,6257.932354,5483.242395,5838.060612,5793.319227,5980.895533,6258.084971,5855.422542,6043.191102,6018.980531,5884.779213,5982.025371
476,6155.282208,6287.386939,5838.257465,5715.47575,6084.439129,5983.732202,6302.24551,5832.239093,5943.76728,6166.391469,5901.679635,6071.616022
477,6390.104147,6695.723458,6011.80348,5833.441149,6378.749841,6347.104626,6612.373568,6066.391203,5984.500487,6527.717904,6185.214398,6249.346881
478,3641.555183,3584.2359,2971.963379,3711.856702,4581.491168,4305.582572,4060.746092,4082.859056,4009.539207,3368.39071,4173.860651,3163.616858
479,3824.860778,3792.167253,2749.601088,3889.164046,4412.620067,4398.034706,3931.426182,4195.175953,4215.35566,3289.162406,3929.829675,2935.640335
480,3805.917735,3696.577171,2869.040436,3914.323178,4376.255992,4268.221887,4110.621576,4052.002067,4145.509226,3259.550777,3981.977058,2870.562111
481,3782.124961,3940.515022,3010.573947,3929.579484,4435.478182,4458.03998,4135.634423,3958.771579,4205.180704,3306.493942,3963.394943,2940.026482
482,3749.080521,3893.391046,3075.368207,4110.804233,4370.278533,4731.75206,3870.434902,3790.448956,4055.565457,3254.576572,4016.249687,3079.963108
483,3941.592215,4155.760181,3250.084767,4158.658696,4408.611103,4808.782932,4300.150026,3949.775964,4384.862177,3443.763693,4214.059648,3260.0199
484,4109.129844,4224.03989,3428.880588,4088.967836,4352.138623,4627.353728,4436.035277,4047.993409,4559.844365,3597.021584,4206.642023,3278.193239
485,4191.139581,4221.002466,3695.97734,3883.68767,4277.492721,4959.913961,4507.777341,4159.654172,4861.718163,3896.078243,4413.809458,3242.087349
486,4093.614501,4459.601442,3749.833173,4009.396259,4210.793765,4903.873143,4608.250652,4269.603652,4707.434853,4059.882701,4502.712146,3381.530623
487,4264.104472,4612.213574,3909.649551,4206.809619,4390.539481,4887.987834,4831.047315,4330.159444,4694.852874,4216.62776,4336.323607,3681.956218
488,4614.818378,4557.369258,4101.163307,4439.175913,4557.779199,5156.822438,4897.065653,4383.108216,4769.19206,4384.514666,4347.437377,3964.048079
489,4725.144229,4723.919816,4268.688165,4239.934239,4841.439716,5417.756832,4892.354574,4703.977047,5010.549852,4444.004332,4531.643296,4338.092027
490,4670.342188,4444.501094,4405.792118,4104.488297,4357.033708,5348.433453,4719.335816,4345.864587,4847.138467,4174.898475,4294.090889,4124.514747
491,5065.300208,4717.957177,4874.459806,4512.660229,4348.864792,5386.617657,4990.135416,4352.753302,5112.449832,4360.506385,4418.052071,4256.080323
492,5172.254763,4902.357448,4995.465793,4667.029964,4742.796029,5119.486264,5051.353801,4335.726166,5269.12696,4459.837955,4346.87444,4340.278478
493,5169.223694,5089.835642,5064.169257,4764.204313,4801.56323,5073.790402,5151.270357,4277.985821,5244.610093,4420.672412,4477.27057,4481.801307
494,5322.512737,5236.500971,5413.563714,4719.06059,5030.642928,5213.72088,5373.801284,4724.10623,5423.438161,4743.644217,4707.659776,4616.219299
495,5530.203599,5441.690231,5573.8936,4736.412681,5422.014491,5279.866868,5350.852082,4979.530465,5450.255193,4908.955254,4649.070601,4627.57023
496,5511.116117,5536.058093,5535.396546,4872.948587,5484.300483,5200.049158,5400.50244,5142.217685,5399.401243,4940.763819,4647.211465,4794.820839
497,5293.643694,5365.201474,5266.980268,4801.172954,5192.376728,5034.746982,5309.316202,4997.161743,5081.224905,4854.018966,4540.832056,4813.205709
498,5277.429664,5431.407296,5377.444699,5082.636861,5358.867525,5036.986483,5392.190213,5108.176767,5235.234279,5187.920265,4867.333148,4901.011889
499,5437.807223,5571.477501,5405.512335,5171.513657,5505.802308,5030.659879,5531.733096,5244.320316,5366.667185,5343.263526,4978.966087,5058.362999
500,5739.406308,5974.969303,5398.899436,5402.262908,5638.618151,5266.384508,5924.683666,5503.066132,5255.04227,5557.176227,5209.178967,5287.10616
501,5951.973786,6000.515461,5481.143751,5625.587609,5770.27628,5538.561532,6170.594473,5670.239621,5645.396847,5809.685701,5305.672173,5586.807517
502,5717.633126,5870.670722,5070.495724,5522.341542,5599.225255,5476.149225,5889.809598,5552.277557,5861.007384,5758.570977,5381.746491,5565.788001
503,6321.684351,6363.909755,5530.021041,5961.40128,6156.247924,6032.287172,6393.130512,5827.85007,6441.772447,6208.321922,6064.906517,6051.173881
504,6430.996123,6587.990658,5731.578128,5992.039296,6271.12751,6284.29153,6582.854859,5956.089319,6349.648837,6394.367335,6216.217466,6200.104198
505,5819.284572,5935.204795,5185.479912,5352.089374,5356.025463,5571.782915,5889.102703,5557.107831,5350.05099,5580.735419,5465.656766,5543.468551
506,5787.622822,6025.035505,5385.509387,5278.410133,5514.970462,5595.535925,5891.324193,5557.896765,5381.009615,5694.166973,5502.839982,5646.365424
507,5938.620826,6312.057513,5338.623943,5278.400049,5781.879152,5882.578089,6106.170565,5815.116575,5664.595964,5977.624175,5656.500059,5845.178718
508,4090.330216,3677.280925,2976.520669,3906.003949,4682.934122,4373.37626,4143.961559,4135.252212,4159.559327,3521.751808,4040.781764,3057.459463
509,4142.666124,3876.146845,3081.400887,3860.04378,4669.13954,4378.714894,4320.874128,4214.501464,4464.362598,3619.694876,4141.820277,2997.09309
510,4192.175723,3971.787838,3243.286261,3774.954929,4406.337524,4370.069175,4174.932651,4043.512153,4317.662829,3515.370908,4078.904776,3190.212433
511,4059.747136,4014.601652,3092.83874,3897.901197,4599.643802,4486.667825,4279.972982,4097.265545,4322.09873,3491.68602,4131.352261,3210.274159
512,4178.605841,3966.428432,3197.00713,4033.116143,4656.745196,4746.668282,4361.326612,4209.471961,4465.470392,3659.346472,4384.397167,3204.70326
513,4273.356612,4160.048706,3219.867975,4144.955414,4487.515781,4790.661893,4520.614871,4242.987982,4701.661929,3658.355884,4464.70291,3165.667923
514,4273.052749,4361.352241,3400.71101,4417.456355,4477.249704,4837.107711,4756.839713,4154.713086,4896.621814,3809.553442,4404.131418,3202.74743
515,4226.838718,4294.211835,3679.015976,4205.003768,4354.995351,5022.812046,4565.584586,4219.09269,4830.03968,3853.237836,4371.038817,3285.222686
516,4287.521456,4453.325126,3759.946264,4158.3758,4277.9371,4992.302142,4536.518731,4236.258373,4612.791558,3886.755083,4403.936007,3398.075525
517,4411.654697,4626.561438,3806.171244,4449.326843,4517.20712,4967.952098,4791.1531,4276.912327,4735.069193,4095.853883,4425.416463,3572.172221
518,4765.767902,4690.492891,4003.530207,4545.71401,4705.320484,5240.197435,5039.228732,4456.216616,4905.845521,4396.097641,4614.883192,3794.550863
519,4992.691164,4808.572978,4340.186287,4494.463595,4782.347614,5320.335005,5076.874581,4652.89385,5154.56194,4485.162738,4642.345183,4270.36514
520,4905.770747,4607.616998,4373.350693,4401.666842,4601.218146,5289.94196,4895.932852,4499.837904,4953.367623,4154.071402,4407.334416,4126.610675
521,5056.772415,4586.986762,4663.62249,4473.768759,4463.422901,5298.129573,4918.017446,4457.314712,5028.589823,4159.143363,4330.626369,4078.202824
522,4910.019452,4736.52453,4929.758364,4500.66445,4523.206444,5039.784382,4929.741626,4400.408324,4882.326266,4173.725615,4279.685436,4063.262832
523,5168.384553,5100.897925,5122.308403,4676.497636,4820.611716,5013.930977,5064.018281,4596.711132,5134.920266,4343.460294,4597.684428,4328.112182
524,5410.15845,5414.254795,5389.454943,4923.489106,5254.160846,5243.574925,5333.257083,4798.290815,5533.763422,4808.02656,5054.039366,4760.613009
525,5305.032381,5382.284421,5190.579932,4953.391121,5340.231776,4818.081064,5157.661034,4946.942809,5121.98908,4931.267149,4796.912559,4560.306329
526,5429.364405,5501.198362,5478.263717,5035.650349,5487.136159,5031.189224,5405.320835,5128.746202,5445.028367,4982.57189,4764.81562,4834.666997
527,5480.734933,5668.513018,5577.986718,5046.622918,5631.010003,5257.580482,5505.682504,5130.285893,5508.346546,5196.684606,5038.165042,5086.041237
528,5559.723246,5660.927453,5652.928896,5235.675721,5692.806514,5287.798501,5550.125055,5386.360051,5517.698736,5422.343172,5215.265155,5181.569471
529,5613.873008,5640.474213,5583.788849,5219.368973,5612.246979,5128.747294,5561.95819,5399.725699,5506.072983,5378.260327,5109.176413,5099.691942
530,5556.558385,5692.882088,5327.931074,5304.162306,5517.415393,5004.652568,5600.214359,5379.001423,5313.928844,5240.141378,4930.942563,5067.056162
531,5322.631304,5458.419984,4964.25705,5158.28999,5219.163029,4926.948553,5335.535901,5284.694195,5085.827299,5056.408075,4726.204828,4979.71934
532,5200.117572,5258.749501,4652.298617,4992.079146,5147.307294,4852.312344,5185.699203,5244.085579,5212.99554,5041.268238,4834.618196,4942.026665
533,5853.180892,5952.271403,5222.294728,5465.040935,5760.809201,5535.870965,5967.243476,5542.9989,5902.219049,5730.628795,5429.940304,5542.606899
534,5755.893939,5874.123194,5391.70457,5355.922614,5480.744764,5525.871578,5888.067793,5498.701209,5474.851933,5660.675892,5420.498592,5453.17484
535,5303.586716,5478.059496,4863.485216,4851.491733,4809.811973,5071.207722,5396.913178,5236.133848,4934.503299,5194.59246,5000.261666,5125.62188
536,5432.383262,5796.535541,4791.017352,4916.320186,5045.558014,5277.539672,5457.503148,5321.872745,4978.071764,5300.11232,5136.531441,5308.237773
537,5811.181186,6197.055668,4959.966548,5214.235218,5558.920763,5769.026004,5836.02434,5667.576609,5429.505304,5797.044469,5525.688806,5613.142657
538,4275.756579,3644.742516,2998.642324,4045.644193,4586.195207,4606.1008,4283.797064,4239.511095,4111.566025,3400.708397,4012.813498,3021.163669
539,4260.816041,3848.578904,3279.779293,4088.348121,4536.363288,4600.937159,4463.697298,4271.22982,4383.962964,3720.378796,4152.606645,2901.995306
540,4197.845892,3838.827009,3321.25426,3851.888774,4476.669081,4440.786929,4311.588935,4142.251544,4358.040327,3637.908579,4279.574601,2964.590418
541,4319.121371,4103.486503,3299.020962,3925.948244,4467.876021,4636.649072,4258.636226,4205.035758,4403.808382,3584.605905,4251.080749,3100.287715
542,4357.127848,4093.275853,3223.225593,3955.766102,4413.365571,4695.184931,4478.396011,4272.187655,4456.085975,3677.04717,4285.841578,3172.093497
543,4340.359801,4080.505847,3202.712703,3995.043673,4377.760107,4648.291026,4475.545229,4340.755587,4686.321107,3657.213083,4419.612009,3016.606444
544,4207.67523,4140.363653,3254.146644,4112.223543,4265.211093,4789.808706,4491.505024,4278.91456,4709.276455,3744.314755,4308.08759,3118.245568
545,4212.470657,4343.237355,3498.879652,4357.172153,4352.630652,5007.935771,4559.130487,4297.877635,4794.827789,3858.752344,4482.867911,3280.830301
546,4275.69049,4453.05187,3689.630771,4527.15653,4316.457043,4954.498746,4475.697419,4208.99851,4463.62511,3770.897598,4258.653841,3251.230775
547,4525.709925,4614.481609,3856.335083,4781.096774,4501.966175,5022.376601,4531.868312,4287.740886,4498.639104,3933.73168,4358.342039,3322.377044
548,4605.250573,4535.978436,3881.709267,4686.292156,4628.14675,4980.595923,4589.713926,4413.899386,4446.443929,4000.671049,4386.01,3554.565783
549,4953.298102,5148.210644,4191.104236,4837.422643,4934.087519,5395.696504,5056.240141,4746.229032,5215.823762,4493.819314,4766.032499,4304.528748
550,5165.729091,5310.456277,4649.662292,4979.752375,5147.212825,5455.748554,5229.602438,4960.273372,5617.371754,4685.855594,4993.964535,4341.587476
551,5275.930103,5128.713612,4945.431473,4792.052496,5115.498053,5465.039361,5353.172185,4912.352647,5658.014164,4755.704112,4966.210104,4350.505347
552,5199.484551,5151.673773,5165.072277,4937.306984,5081.108647,5407.214837,5273.197339,4903.157041,5482.636125,4731.397714,4816.569397,4556.132478
553,5342.122848,5393.720508,5395.63145,4948.083414,5275.593685,5201.076641,5219.606349,4908.836677,5410.82187,4669.974852,5033.216806,4472.220299
554,5241.768229,5404.002797,5152.83892,4930.094571,5172.173666,4994.119116,5155.916524,4799.784178,5249.165945,4707.519476,4972.7464,4578.606009
555,5107.432244,5259.842031,4950.196315,4808.699841,4951.304875,4575.839729,4891.450026,4835.507099,4838.322233,4677.489599,4695.971817,4389.378995
556,4883.651312,5037.528927,4902.317376,4667.640955,4811.59821,4447.623608,4784.367278,4789.566717,4676.624605,4537.057191,4488.199372,4306.410313
557,5236.275459,5373.942913,5344.896488,4919.932137,5317.120288,4839.871524,5161.670224,4940.219374,5129.467172,4945.177871,4883.085576,4793.891398
558,5701.339313,5804.940355,5811.830653,5246.957903,5798.348867,5323.059892,5733.372369,5464.519889,5595.569797,5509.983828,5387.133612,5299.293071
559,5540.003908,5618.979334,5581.60902,5042.45053,5502.537204,5040.506216,5546.923582,5429.042958,5283.186781,5321.135012,5194.67449,5101.08154
560,5453.6975,5472.659805,5352.949763,5025.93284,5326.873405,5005.963014,5341.854519,5298.520319,5145.862393,5026.315271,4907.235936,4897.918929
561,5286.612513,5484.423119,5018.067358,4889.351064,5087.569491,5053.69147,5184.063823,5264.700707,4949.834625,4913.797056,4706.592525,4818.638692
562,5743.512917,5938.164505,5232.111827,5121.461343,5639.445268,5572.942012,5755.977301,5742.973375,5547.21366,5501.344,5375.389773,5326.064665
563,5888.017776,5944.71525,5428.038806,5257.225339,5806.718254,5684.206089,5927.858185,5619.678552,5776.166676,5724.991604,5434.88449,5418.604054
564,5557.546887,5637.82433,5206.862012,5104.297749,5213.966912,5378.352854,5661.279838,5411.626976,5353.633144,5524.958249,5138.27026,5284.89576
565,4800.43265,5282.920524,4384.454639,4709.164539,4506.852547,4852.471227,5095.951904,5038.779321,4311.624162,4929.923946,4688.389605,4926.611849
566,5112.342218,5794.817809,4494.806774,4923.654547,5023.274841,5313.75805,5490.62027,5340.270492,4160.693211,5248.096968,5120.45518,5299.864029
567,6022.335387,6441.711176,5172.338461,5558.543665,5957.365775,6118.302385,6132.734444,5807.466344,5674.865006,6104.825861,5801.344969,5827.387224
568,4076.651789,3613.481608,3321.169766,3929.150647,4519.999832,4411.046419,4299.966031,4324.365017,4081.864342,3567.345376,4364.780915,2990.401552
569,4138.388657,3778.290375,3572.041185,3984.204003,4426.824527,4461.563326,4340.579004,4331.380238,4191.161089,3702.080112,4424.132587,2938.635213
570,4381.45047,3898.431039,3641.360387,3775.883952,4479.903947,4500.266882,4298.084321,4443.752055,4423.210629,3684.425268,4393.5453,3023.728182
571,4252.51613,3977.84628,3367.497421,3775.826476,4369.846167,4567.999956,4443.373952,4344.299875,4399.273457,3634.301791,4336.394622,3137.630878
572,4278.317919,4046.600449,3340.443626,3925.904149,4405.138725,4647.223856,4479.822291,4393.345702,4677.608771,3695.989743,4306.994724,3047.571061
573,4224.277045,4193.348827,3419.62827,4150.087385,4376.426258,4780.96265,4480.679493,4455.191365,4683.628445,3900.274681,4333.910888,3221.952177
574,4178.406477,4341.795154,3395.899545,4111.757864,4302.048429,4826.876988,4503.894008,4418.47993,4688.308758,3932.738518,4398.777725,3359.470416
575,4280.298437,4503.598315,3617.352618,4696.019098,4415.241003,4897.923711,4497.103434,4264.770404,4624.367339,3904.37014,4284.656812,3340.522984
576,4533.911557,4847.360369,3908.963176,4965.767403,4699.9992,5034.332955,4537.513317,4518.774848,4606.037311,4034.562414,4501.416244,3527.967567
