Site,Year,Route,observer,new,stop_10,stop_20,stop_30,stop_40,stop_50
12,2011,840-67-31,1100145,0,1,0,0,0,0
12,2019,840-67-31,1110234,1,8,1,0,0,0
12,2021,840-67-31,1110234,0,5,2,0,1,0
12,2022,840-67-31,1110234,0,7,0,0,0,2
30,2011,840-38-1,1020188,0,0,0,0,0,1
30,2012,840-38-1,1020188,0,0,0,0,0,0
30,2013,840-38-1,1020188,0,0,0,0,0,0
30,2015,840-38-1,1140709,1,0,0,0,1,0
30,2016,840-38-1,1140709,0,0,0,0,3,1
30,2017,840-38-1,1140709,0,0,0,0,0,0
30,2018,840-38-1,1140709,0,1,0,0,0,0
30,2021,840-38-1,1140709,0,0,0,0,0,0
42,2011,840-38-11,1120315,0,4,0,0,0,0
42,2012,840-38-11,1120315,0,13,0,0,0,0
42,2013,840-38-11,1120315,0,11,0,1,1,4
42,2014,840-38-11,1120315,0,12,5,0,0,1
42,2015,840-38-11,1120315,0,7,0,1,0,3
42,2016,840-38-11,1120315,0,16,1,0,1,0
42,2017,840-38-11,1120315,0,9,1,0,0,0
42,2018,840-38-11,1120315,0,6,0,0,2,2
42,2019,840-38-11,1120315,0,11,1,0,0,0
42,2021,840-38-11,990876,0,9,7,0,3,0
44,2011,840-38-10,980760,0,2,1,0,2,6
44,2014,840-38-10,980760,0,0,0,0,0,0
44,2015,840-38-10,980760,0,1,0,0,0,0
44,2016,840-38-10,980760,0,3,0,0,0,0
44,2017,840-38-10,980760,0,4,0,0,0,0
44,2019,840-38-10,980760,0,0,0,0,0,0
44,2021,840-38-10,980760,0,2,1,0,0,0
44,2022,840-38-10,1041168,0,10,4,1,1,0
52,2011,840-38-6,1030611,0,2,0,0,0,0
52,2011,840-38-7,1030611,0,7,0,0,0,0
52,2012,840-38-6,1030611,0,2,0,0,0,0
52,2012,840-38-7,1030611,0,4,0,0,0,1
52,2013,840-38-6,1030611,0,2,0,0,0,0
52,2013,840-38-7,1030611,0,1,0,0,0,1
52,2014,840-38-6,1030611,0,8,0,0,0,0
52,2014,840-38-7,1030611,0,13,0,0,1,0
52,2015,840-38-6,1030611,0,9,0,0,0,0
52,2015,840-38-7,1030611,0,8,0,0,0,0
52,2016,840-38-6,1030611,0,7,0,0,0,0
52,2016,840-38-7,1030611,0,4,0,0,0,0
52,2017,840-38-6,1030611,0,6,0,0,0,0
52,2017,840-38-7,1030611,0,1,0,0,0,0
52,2018,840-38-6,1030611,0,6,0,0,0,0
52,2018,840-38-7,1030611,0,5,0,0,0,0
52,2019,840-38-6,1030611,0,10,0,0,0,0
52,2019,840-38-7,1030611,0,3,0,1,0,0
52,2021,840-38-6,1030611,0,9,1,1,0,0
52,2021,840-38-7,1030611,0,1,2,0,0,0
52,2022,840-38-6,1030611,0,1,0,0,0,0
52,2022,840-38-7,1030611,0,15,0,0,0,0
53,2011,840-38-7,1030611,0,7,0,0,0,0
53,2012,840-38-7,1030611,0,4,0,0,0,1
53,2013,840-38-7,1030611,0,1,0,0,0,1
53,2014,840-38-7,1030611,0,13,0,0,1,0
53,2015,840-38-7,1030611,0,8,0,0,0,0
53,2016,840-38-7,1030611,0,4,0,0,0,0
53,2017,840-38-7,1030611,0,1,0,0,0,0
53,2018,840-38-7,1030611,0,5,0,0,0,0
53,2019,840-38-7,1030611,0,3,0,1,0,0
53,2021,840-38-7,1030611,0,1,2,0,0,0
53,2022,840-38-7,1030611,0,15,0,0,0,0
57,2011,840-38-105,1080094,0,3,0,0,0,0
57,2012,840-38-105,1080094,0,2,0,0,0,0
57,2013,840-38-105,1080094,0,1,1,0,1,0
57,2014,840-38-105,1080094,0,2,0,0,0,0
57,2017,840-38-105,1080094,0,3,2,1,3,1
57,2018,840-38-105,1080094,0,6,0,0,0,0
57,2019,840-38-105,1080094,0,0,2,0,0,0
57,2021,840-38-105,1080094,0,4,0,1,0,0
63,2011,840-38-301,1020168,0,0,0,0,0,0
63,2012,840-38-301,1020168,0,0,0,0,0,0
63,2013,840-38-301,1020168,0,0,0,0,0,0
63,2015,840-38-301,1140709,1,0,0,0,0,0
63,2016,840-38-301,1140709,0,0,0,1,0,0
63,2017,840-38-301,1140709,0,0,0,1,0,0
63,2018,840-38-301,1140709,0,0,0,0,0,0
63,2021,840-38-301,1140709,0,0,0,0,1,0
68,2012,840-38-308,1140556,0,0,1,0,0,0
68,2014,840-38-308,1140556,0,0,0,0,0,0
68,2015,840-38-308,1080164,0,0,0,0,0,0
68,2016,840-38-308,1140556,0,0,0,0,0,0
68,2017,840-38-308,1140556,0,0,0,0,0,0
68,2018,840-38-308,1140556,0,0,0,0,0,0
68,2019,840-38-308,1140556,0,1,0,0,0,0
68,2021,840-38-308,1140556,0,0,0,0,0,0
68,2022,840-38-308,1140556,0,0,0,0,0,0
71,2011,840-38-37,1020122,0,0,0,0,0,0
71,2012,840-38-37,1020122,0,0,0,0,0,0
71,2013,840-38-37,1020122,0,3,0,0,0,0
71,2014,840-38-37,1020122,0,0,0,0,0,0
71,2015,840-38-37,1020122,0,0,0,0,0,0
71,2016,840-38-37,1120315,0,2,0,0,0,0
71,2018,840-38-37,1151616,1,0,0,0,0,0
71,2019,840-38-37,1140749,0,0,1,0,0,0
84,2011,840-38-6,1030611,0,2,0,0,0,0
84,2012,840-38-6,1030611,0,2,0,0,0,0
84,2013,840-38-6,1030611,0,2,0,0,0,0
84,2014,840-38-6,1030611,0,8,0,0,0,0
84,2015,840-38-6,1030611,0,9,0,0,0,0
84,2016,840-38-6,1030611,0,7,0,0,0,0
84,2017,840-38-6,1030611,0,6,0,0,0,0
84,2018,840-38-6,1030611,0,6,0,0,0,0
84,2019,840-38-6,1030611,0,10,0,0,0,0
84,2021,840-38-6,1030611,0,9,1,1,0,0
84,2022,840-38-6,1030611,0,1,0,0,0,0
92,2011,840-38-2,1090713,0,0,0,1,0,0
92,2011,840-38-302,1090713,0,0,0,0,0,0
92,2012,840-38-2,1090713,0,3,0,0,0,0
92,2012,840-38-302,1090713,0,1,0,0,0,0
92,2013,840-38-2,1090713,0,2,0,0,0,0
92,2013,840-38-302,1090713,0,0,0,0,0,0
92,2014,840-38-2,981383,1,0,0,0,0,0
92,2014,840-38-302,1090713,0,0,0,0,0,0
92,2015,840-38-2,981383,0,2,1,0,0,2
92,2015,840-38-302,1090713,0,0,0,0,0,0
92,2016,840-38-2,981383,0,2,0,0,1,2
92,2016,840-38-302,981383,0,0,0,0,1,0
92,2017,840-38-2,981383,0,3,0,0,0,1
92,2017,840-38-302,970437,1,0,0,0,0,0
92,2018,840-38-2,981383,0,2,0,0,0,1
92,2018,840-38-302,1030723,1,0,0,0,0,0
92,2019,840-38-2,981383,0,5,0,1,0,0
92,2019,840-38-302,1030723,0,0,0,0,0,0
92,2021,840-38-2,981383,0,0,0,0,0,2
92,2021,840-38-302,1030723,0,0,0,0,0,0
92,2022,840-38-2,981383,0,4,0,0,0,4
92,2022,840-38-302,1030723,0,0,0,0,1,0
93,2011,840-38-2,1090713,0,0,0,1,0,0
93,2012,840-38-2,1090713,0,3,0,0,0,0
93,2013,840-38-2,1090713,0,2,0,0,0,0
93,2014,840-38-2,981383,1,0,0,0,0,0
93,2015,840-38-2,981383,0,2,1,0,0,2
93,2016,840-38-2,981383,0,2,0,0,1,2
93,2017,840-38-2,981383,0,3,0,0,0,1
93,2018,840-38-2,981383,0,2,0,0,0,1
93,2019,840-38-2,981383,0,5,0,1,0,0
93,2021,840-38-2,981383,0,0,0,0,0,2
93,2022,840-38-2,981383,0,4,0,0,0,4
95,2011,840-38-301,1020168,0,0,0,0,0,0
95,2012,840-38-301,1020168,0,0,0,0,0,0
95,2013,840-38-301,1020168,0,0,0,0,0,0
95,2015,840-38-301,1140709,1,0,0,0,0,0
95,2016,840-38-301,1140709,0,0,0,1,0,0
95,2017,840-38-301,1140709,0,0,0,1,0,0
95,2018,840-38-301,1140709,0,0,0,0,0,0
95,2021,840-38-301,1140709,0,0,0,0,1,0
100,2012,840-38-308,1140556,0,0,1,0,0,0
100,2014,840-38-308,1140556,0,0,0,0,0,0
100,2015,840-38-308,1080164,0,0,0,0,0,0
100,2016,840-38-308,1140556,0,0,0,0,0,0
100,2017,840-38-308,1140556,0,0,0,0,0,0
100,2018,840-38-308,1140556,0,0,0,0,0,0
100,2019,840-38-308,1140556,0,1,0,0,0,0
100,2021,840-38-308,1140556,0,0,0,0,0,0
100,2022,840-38-308,1140556,0,0,0,0,0,0
110,2011,840-38-9,1020206,0,10,3,1,0,0
110,2014,840-38-9,1020206,0,0,0,0,1,0
110,2018,840-38-9,1041168,1,3,0,0,0,0
110,2019,840-38-9,1041168,0,8,2,0,1,0
110,2021,840-38-9,1041168,0,12,0,0,1,0
110,2022,840-38-9,1041168,0,3,0,0,0,0
124,2011,840-38-2,1090713,0,0,0,1,0,0
124,2012,840-38-2,1090713,0,3,0,0,0,0
124,2013,840-38-2,1090713,0,2,0,0,0,0
124,2014,840-38-2,981383,1,0,0,0,0,0
124,2015,840-38-2,981383,0,2,1,0,0,2
124,2016,840-38-2,981383,0,2,0,0,1,2
124,2017,840-38-2,981383,0,3,0,0,0,1
124,2018,840-38-2,981383,0,2,0,0,0,1
124,2019,840-38-2,981383,0,5,0,1,0,0
124,2021,840-38-2,981383,0,0,0,0,0,2
124,2022,840-38-2,981383,0,4,0,0,0,4
125,2011,840-38-2,1090713,0,0,0,1,0,0
125,2012,840-38-2,1090713,0,3,0,0,0,0
125,2013,840-38-2,1090713,0,2,0,0,0,0
125,2014,840-38-2,981383,1,0,0,0,0,0
125,2015,840-38-2,981383,0,2,1,0,0,2
125,2016,840-38-2,981383,0,2,0,0,1,2
125,2017,840-38-2,981383,0,3,0,0,0,1
125,2018,840-38-2,981383,0,2,0,0,0,1
125,2019,840-38-2,981383,0,5,0,1,0,0
125,2021,840-38-2,981383,0,0,0,0,0,2
125,2022,840-38-2,981383,0,4,0,0,0,4
148,2011,840-38-304,1060235,0,0,0,0,0,0
148,2012,840-38-304,1060235,0,0,0,0,0,1
148,2013,840-38-304,1060235,0,1,0,0,0,0
148,2014,840-38-304,1060235,0,0,0,0,0,0
148,2015,840-38-304,1060235,0,1,0,0,0,0
148,2016,840-38-304,1060235,0,0,0,0,0,3
148,2017,840-38-304,1060235,0,0,0,1,0,2
148,2018,840-38-304,1060235,0,1,0,0,0,0
148,2019,840-38-304,1060235,0,0,0,1,3,2
148,2021,840-38-304,1060235,0,2,0,0,2,0
148,2022,840-38-304,1060235,0,0,0,0,0,3
152,2011,840-38-303,1060330,0,1,0,0,0,0
152,2012,840-38-303,1060330,0,0,1,0,0,0
152,2013,840-38-303,1060330,0,1,0,0,0,0
152,2014,840-38-303,1060330,0,1,0,0,0,0
152,2015,840-38-303,1060330,0,0,0,0,0,0
152,2016,840-38-303,1060330,0,3,0,0,0,0
152,2017,840-38-303,1060330,0,3,0,0,0,0
152,2019,840-38-303,1060330,0,1,0,0,0,0
152,2021,840-38-303,1060330,0,0,0,0,0,0
152,2022,840-38-303,1060330,0,1,0,0,0,0
156,2011,840-38-3,1020392,0,0,0,0,0,0
156,2014,840-38-3,1120652,1,1,0,0,0,0
156,2015,840-38-3,1120652,0,0,0,0,0,1
156,2016,840-38-3,1120652,0,1,0,0,0,0
156,2017,840-38-3,1120652,0,0,0,0,1,5
156,2019,840-38-3,1120652,0,1,0,0,0,0
156,2021,840-38-3,1120652,0,2,0,0,0,0
156,2022,840-38-3,1120652,0,0,0,0,0,0
165,2011,840-38-307,1100076,0,0,0,0,0,0
165,2012,840-38-307,1080164,0,0,1,0,0,0
165,2013,840-38-307,1100076,0,0,0,0,0,0
165,2014,840-38-307,1100076,0,0,0,0,1,0
165,2015,840-38-307,1100076,0,0,2,0,0,0
165,2016,840-38-307,1100076,0,1,0,0,0,0
165,2017,840-38-307,1100076,0,2,0,0,0,0
165,2018,840-38-307,1100076,0,3,0,0,0,0
165,2019,840-38-307,1100076,0,0,0,0,0,0
165,2021,840-38-307,1100076,0,0,0,0,0,0
165,2022,840-38-307,1100076,0,1,0,1,0,0
166,2011,840-38-307,1100076,0,0,0,0,0,0
166,2012,840-38-307,1080164,0,0,1,0,0,0
166,2013,840-38-307,1100076,0,0,0,0,0,0
166,2014,840-38-307,1100076,0,0,0,0,1,0
166,2015,840-38-307,1100076,0,0,2,0,0,0
166,2016,840-38-307,1100076,0,1,0,0,0,0
166,2017,840-38-307,1100076,0,2,0,0,0,0
166,2018,840-38-307,1100076,0,3,0,0,0,0
166,2019,840-38-307,1100076,0,0,0,0,0,0
166,2021,840-38-307,1100076,0,0,0,0,0,0
166,2022,840-38-307,1100076,0,1,0,1,0,0
172,2011,840-38-306,1020206,0,0,0,0,0,0
172,2014,840-38-306,1020206,0,3,1,0,0,0
174,2011,840-38-305,980760,0,0,0,0,0,0
174,2011,840-38-8,1120293,0,0,3,0,0,0
174,2012,840-38-305,980760,0,0,0,0,0,0
174,2012,840-38-8,1120293,0,0,0,0,0,0
174,2013,840-38-305,981353,1,0,0,0,0,0
174,2013,840-38-8,1120293,0,0,0,0,0,0
174,2014,840-38-8,1060147,1,0,0,0,0,2
174,2015,840-38-8,1060147,0,2,0,0,0,0
174,2016,840-38-8,1060147,0,1,0,0,0,0
174,2017,840-38-8,1060147,0,0,0,0,0,0
174,2018,840-38-305,1041170,1,0,0,0,0,0
174,2018,840-38-8,1060147,0,0,0,0,0,0
174,2019,840-38-8,1060147,0,1,0,0,0,1
184,2011,840-38-4,1080094,0,8,5,0,0,0
184,2012,840-38-4,1080094,0,8,1,1,0,0
184,2013,840-38-4,1080094,0,7,1,0,0,0
184,2014,840-38-4,1080094,0,13,1,0,2,0
184,2015,840-38-4,1080094,0,6,2,0,1,0
184,2017,840-38-4,1080094,0,9,3,0,0,0
184,2018,840-38-4,1080094,0,8,4,0,1,1
184,2019,840-38-4,1080094,0,5,2,0,0,0
184,2021,840-38-4,1080094,0,8,4,0,0,0
188,2011,840-38-3,1020392,0,0,0,0,0,0
188,2014,840-38-3,1120652,1,1,0,0,0,0
188,2015,840-38-3,1120652,0,0,0,0,0,1
188,2016,840-38-3,1120652,0,1,0,0,0,0
188,2017,840-38-3,1120652,0,0,0,0,1,5
188,2019,840-38-3,1120652,0,1,0,0,0,0
188,2021,840-38-3,1120652,0,2,0,0,0,0
188,2022,840-38-3,1120652,0,0,0,0,0,0
195,2011,840-38-12,1080164,0,0,0,0,0,0
195,2012,840-38-12,1080164,0,0,0,0,0,0
195,2014,840-38-12,1080164,0,0,0,0,0,0
195,2015,840-38-12,1080164,0,0,0,0,2,0
195,2016,840-38-12,1080164,0,0,0,0,0,0
195,2017,840-38-12,1080164,0,3,0,0,0,1
195,2018,840-38-12,1080164,0,0,0,0,0,0
195,2019,840-38-12,1080164,0,0,0,0,0,0
195,2021,840-38-12,1080164,0,0,0,0,1,0
195,2022,840-38-12,1080164,0,0,0,0,0,0
228,2011,840-38-316,1080164,0,0,0,0,0,1
228,2012,840-38-316,1080164,0,0,0,2,0,0
228,2014,840-38-316,1080164,0,0,0,1,0,0
228,2015,840-38-316,1080164,0,0,0,0,0,0
228,2016,840-38-316,1080164,0,0,0,0,0,0
228,2017,840-38-316,1080164,0,0,0,1,0,0
228,2018,840-38-316,1080164,0,0,0,0,0,0
228,2019,840-38-316,1080164,0,0,0,0,0,0
228,2021,840-38-316,1080164,0,0,0,0,0,0
228,2022,840-38-316,1080164,0,0,0,0,0,0
235,2011,840-38-22,1150399,0,8,1,1,0,3
235,2012,840-38-22,1150399,0,8,3,8,1,0
235,2013,840-38-22,1150399,0,6,0,0,0,0
235,2014,840-38-22,1150399,0,11,0,0,0,1
235,2017,840-38-22,1150399,0,4,0,2,0,0
235,2018,840-38-22,1150399,0,5,1,0,0,0
235,2019,840-38-22,1150399,0,6,0,0,2,0
236,2011,840-38-314,1150399,0,19,0,0,0,0
236,2012,840-38-314,1150399,0,11,2,0,0,0
236,2013,840-38-314,1150399,0,13,2,0,1,0
236,2014,840-38-314,1150399,0,9,0,0,0,2
236,2017,840-38-314,1150399,0,16,3,0,0,0
236,2018,840-38-314,1150399,0,7,6,2,4,0
236,2019,840-38-314,1150399,0,14,2,0,0,0
237,2011,840-38-314,1150399,0,19,0,0,0,0
237,2012,840-38-314,1150399,0,11,2,0,0,0
237,2013,840-38-314,1150399,0,13,2,0,1,0
237,2014,840-38-314,1150399,0,9,0,0,0,2
237,2017,840-38-314,1150399,0,16,3,0,0,0
237,2018,840-38-314,1150399,0,7,6,2,4,0
237,2019,840-38-314,1150399,0,14,2,0,0,0
245,2011,840-38-312,1020304,0,5,0,0,1,0
245,2012,840-38-312,1020304,0,5,0,0,0,0
245,2013,840-38-312,1020304,0,1,0,0,0,0
245,2014,840-38-312,1020304,0,4,0,0,0,0
245,2015,840-38-312,1020304,0,1,0,0,0,0
245,2016,840-38-312,1020304,0,2,0,0,0,0
245,2017,840-38-312,1020304,0,2,0,0,0,0
245,2018,840-38-312,1020304,0,2,0,0,0,0
245,2019,840-38-312,1020304,0,5,0,0,0,0
245,2021,840-38-312,1020304,0,0,0,0,0,0
245,2022,840-38-312,1020304,0,0,0,0,0,0
247,2011,840-38-17,1120043,0,0,0,0,0,0
247,2012,840-38-17,1120043,0,0,0,0,0,0
247,2013,840-38-17,1120043,0,0,0,1,0,0
247,2014,840-38-17,1041082,1,1,0,0,0,0
247,2015,840-38-17,1041082,0,3,1,0,2,1
247,2016,840-38-17,1041082,0,1,0,2,1,0
247,2017,840-38-17,1041082,0,4,0,0,0,0
247,2018,840-38-17,1041082,0,1,1,2,0,0
247,2019,840-38-17,1041082,0,3,0,5,3,0
247,2021,840-38-17,1041082,0,3,0,1,0,0
247,2022,840-38-17,1041082,0,2,0,0,0,0
248,2011,840-38-17,1120043,0,0,0,0,0,0
248,2012,840-38-17,1120043,0,0,0,0,0,0
248,2013,840-38-17,1120043,0,0,0,1,0,0
248,2014,840-38-17,1041082,1,1,0,0,0,0
248,2015,840-38-17,1041082,0,3,1,0,2,1
248,2016,840-38-17,1041082,0,1,0,2,1,0
248,2017,840-38-17,1041082,0,4,0,0,0,0
248,2018,840-38-17,1041082,0,1,1,2,0,0
248,2019,840-38-17,1041082,0,3,0,5,3,0
248,2021,840-38-17,1041082,0,3,0,1,0,0
248,2022,840-38-17,1041082,0,2,0,0,0,0
255,2011,840-38-309,1030483,0,1,0,0,0,0
255,2012,840-38-309,1030483,0,0,0,0,0,0
255,2013,840-38-309,1030483,0,0,0,0,0,0
255,2014,840-38-309,1030483,0,0,0,0,0,0
255,2015,840-38-309,1030483,0,0,1,0,0,0
255,2016,840-38-309,1030483,0,1,0,0,0,0
255,2017,840-38-309,1030483,0,0,0,0,0,0
255,2018,840-38-309,1030483,0,0,0,0,0,0
255,2019,840-38-309,1030483,0,0,0,0,0,0
255,2021,840-38-309,1030483,0,0,0,0,0,0
255,2022,840-38-309,1030483,0,1,0,0,0,0
256,2011,840-38-309,1030483,0,1,0,0,0,0
256,2012,840-38-309,1030483,0,0,0,0,0,0
256,2013,840-38-309,1030483,0,0,0,0,0,0
256,2014,840-38-309,1030483,0,0,0,0,0,0
256,2015,840-38-309,1030483,0,0,1,0,0,0
256,2016,840-38-309,1030483,0,1,0,0,0,0
256,2017,840-38-309,1030483,0,0,0,0,0,0
256,2018,840-38-309,1030483,0,0,0,0,0,0
256,2019,840-38-309,1030483,0,0,0,0,0,0
256,2021,840-38-309,1030483,0,0,0,0,0,0
256,2022,840-38-309,1030483,0,1,0,0,0,0
268,2011,840-38-314,1150399,0,19,0,0,0,0
268,2012,840-38-314,1150399,0,11,2,0,0,0
268,2013,840-38-314,1150399,0,13,2,0,1,0
268,2014,840-38-314,1150399,0,9,0,0,0,2
268,2017,840-38-314,1150399,0,16,3,0,0,0
268,2018,840-38-314,1150399,0,7,6,2,4,0
268,2019,840-38-314,1150399,0,14,2,0,0,0
269,2011,840-38-314,1150399,0,19,0,0,0,0
269,2012,840-38-20,1120293,0,0,0,0,0,0
269,2012,840-38-314,1150399,0,11,2,0,0,0
269,2013,840-38-20,1120293,0,0,0,0,0,0
269,2013,840-38-314,1150399,0,13,2,0,1,0
269,2014,840-38-20,1120293,0,0,0,0,0,0
269,2014,840-38-314,1150399,0,9,0,0,0,2
269,2015,840-38-20,1120293,0,0,0,0,0,0
269,2016,840-38-20,1190931,1,5,2,0,0,0
269,2017,840-38-20,1190931,0,0,0,0,0,0
269,2017,840-38-314,1150399,0,16,3,0,0,0
269,2018,840-38-20,1190931,0,3,5,0,0,0
269,2018,840-38-314,1150399,0,7,6,2,4,0
269,2019,840-38-20,1190931,0,2,5,0,0,1
269,2019,840-38-314,1150399,0,14,2,0,0,0
269,2021,840-38-20,1190931,0,1,3,0,0,0
269,2022,840-38-20,1190931,0,1,0,0,0,0
270,2012,840-38-20,1120293,0,0,0,0,0,0
270,2013,840-38-20,1120293,0,0,0,0,0,0
270,2014,840-38-20,1120293,0,0,0,0,0,0
270,2015,840-38-20,1120293,0,0,0,0,0,0
270,2016,840-38-20,1190931,1,5,2,0,0,0
270,2017,840-38-20,1190931,0,0,0,0,0,0
270,2018,840-38-20,1190931,0,3,5,0,0,0
270,2019,840-38-20,1190931,0,2,5,0,0,1
270,2021,840-38-20,1190931,0,1,3,0,0,0
270,2022,840-38-20,1190931,0,1,0,0,0,0
278,2011,840-38-311,980479,0,2,1,2,5,3
278,2012,840-38-311,980479,0,3,1,0,0,0
278,2013,840-38-311,980479,0,3,0,0,2,0
278,2014,840-38-311,980479,0,6,2,0,1,0
278,2015,840-38-311,980479,0,9,0,0,1,0
278,2016,840-38-311,980479,0,5,0,1,1,0
278,2017,840-38-311,980479,0,3,1,2,0,2
278,2018,840-38-311,980479,0,4,0,0,0,1
278,2019,840-38-311,980479,0,7,0,0,2,0
278,2022,840-38-311,981358,0,4,0,1,0,1
279,2011,840-38-17,1120043,0,0,0,0,0,0
279,2012,840-38-17,1120043,0,0,0,0,0,0
279,2013,840-38-17,1120043,0,0,0,1,0,0
279,2014,840-38-17,1041082,1,1,0,0,0,0
279,2015,840-38-17,1041082,0,3,1,0,2,1
279,2016,840-38-17,1041082,0,1,0,2,1,0
279,2017,840-38-17,1041082,0,4,0,0,0,0
279,2018,840-38-17,1041082,0,1,1,2,0,0
279,2019,840-38-17,1041082,0,3,0,5,3,0
279,2021,840-38-17,1041082,0,3,0,1,0,0
279,2022,840-38-17,1041082,0,2,0,0,0,0
280,2011,840-38-17,1120043,0,0,0,0,0,0
280,2012,840-38-17,1120043,0,0,0,0,0,0
280,2013,840-38-17,1120043,0,0,0,1,0,0
280,2014,840-38-17,1041082,1,1,0,0,0,0
280,2015,840-38-17,1041082,0,3,1,0,2,1
280,2016,840-38-17,1041082,0,1,0,2,1,0
280,2017,840-38-17,1041082,0,4,0,0,0,0
280,2018,840-38-17,1041082,0,1,1,2,0,0
280,2019,840-38-17,1041082,0,3,0,5,3,0
280,2021,840-38-17,1041082,0,3,0,1,0,0
280,2022,840-38-17,1041082,0,2,0,0,0,0
282,2011,840-38-15,990213,0,9,0,0,0,0
282,2012,840-38-15,990213,0,3,0,0,0,0
282,2013,840-38-15,990213,0,1,0,1,0,1
282,2014,840-38-15,990213,0,15,0,0,0,0
282,2015,840-38-15,990213,0,9,0,0,0,0
282,2016,840-38-15,990213,0,8,0,0,0,0
282,2017,840-38-15,1190942,1,4,0,0,0,0
282,2018,840-38-15,1190942,0,8,1,4,0,0
282,2019,840-38-15,1190942,0,5,0,0,0,0
282,2021,840-38-15,1190942,0,5,0,0,0,1
282,2022,840-38-15,1190942,0,8,0,0,0,0
283,2011,840-38-15,990213,0,9,0,0,0,0
283,2012,840-38-15,990213,0,3,0,0,0,0
283,2013,840-38-15,990213,0,1,0,1,0,1
283,2014,840-38-15,990213,0,15,0,0,0,0
283,2015,840-38-15,990213,0,9,0,0,0,0
283,2016,840-38-15,990213,0,8,0,0,0,0
283,2017,840-38-15,1190942,1,4,0,0,0,0
283,2018,840-38-15,1190942,0,8,1,4,0,0
283,2019,840-38-15,1190942,0,5,0,0,0,0
283,2021,840-38-15,1190942,0,5,0,0,0,1
283,2022,840-38-15,1190942,0,8,0,0,0,0
294,2011,840-38-315,1150069,0,0,0,0,0,0
294,2012,840-38-315,1080164,0,0,0,1,0,0
294,2013,840-38-315,990876,1,0,0,0,0,0
294,2014,840-38-315,990876,0,0,0,0,0,0
294,2015,840-38-315,990876,0,0,0,1,0,0
294,2016,840-38-315,990876,0,0,1,0,0,0
294,2017,840-38-315,990876,0,0,0,0,0,0
294,2018,840-38-315,1100076,0,0,0,0,0,0
294,2019,840-38-315,1100076,0,0,0,1,0,0
294,2021,840-38-315,1100076,0,0,0,0,0,0
294,2022,840-38-315,1100076,0,0,1,4,0,0
302,2012,840-38-313,1150940,0,6,0,0,2,2
302,2014,840-38-313,1120293,0,0,0,0,0,0
302,2015,840-38-313,1120293,0,0,0,0,0,0
302,2016,840-38-313,1080164,0,3,8,6,3,0
302,2017,840-38-313,1080164,0,12,5,7,1,2
302,2018,840-38-313,1080164,0,6,2,2,0,0
302,2019,840-38-313,1080164,0,3,0,0,0,1
302,2021,840-38-313,1080164,0,4,0,0,0,0
302,2022,840-38-313,1080164,0,10,2,3,1,0
303,2012,840-38-313,1150940,0,6,0,0,2,2
303,2014,840-38-313,1120293,0,0,0,0,0,0
303,2015,840-38-313,1120293,0,0,0,0,0,0
303,2016,840-38-313,1080164,0,3,8,6,3,0
303,2017,840-38-313,1080164,0,12,5,7,1,2
303,2018,840-38-313,1080164,0,6,2,2,0,0
303,2019,840-38-313,1080164,0,3,0,0,0,1
303,2021,840-38-313,1080164,0,4,0,0,0,0
303,2022,840-38-313,1080164,0,10,2,3,1,0
305,2011,840-38-21,1140283,0,2,0,0,4,4
305,2012,840-38-21,1140283,0,4,3,0,0,1
305,2013,840-38-21,1140283,0,0,1,0,0,3
305,2014,840-38-21,1140283,0,19,3,0,0,0
305,2015,840-38-21,1140283,0,26,7,8,7,1
305,2016,840-38-21,1140283,0,6,0,0,1,6
305,2017,840-38-21,1140283,0,4,0,0,2,0
305,2018,840-38-21,1140283,0,7,4,1,1,2
305,2019,840-38-21,1140283,0,8,8,0,0,2
305,2021,840-38-21,1140283,0,1,0,0,1,2
305,2022,840-38-21,1140283,0,9,2,1,1,3
306,2011,840-38-21,1140283,0,2,0,0,4,4
306,2012,840-38-21,1140283,0,4,3,0,0,1
306,2013,840-38-21,1140283,0,0,1,0,0,3
306,2014,840-38-21,1140283,0,19,3,0,0,0
306,2015,840-38-21,1140283,0,26,7,8,7,1
306,2016,840-38-21,1140283,0,6,0,0,1,6
306,2017,840-38-21,1140283,0,4,0,0,2,0
306,2018,840-38-21,1140283,0,7,4,1,1,2
306,2019,840-38-21,1140283,0,8,8,0,0,2
306,2021,840-38-21,1140283,0,1,0,0,1,2
306,2022,840-38-21,1140283,0,9,2,1,1,3
310,2011,840-38-311,980479,0,2,1,2,5,3
310,2012,840-38-311,980479,0,3,1,0,0,0
310,2013,840-38-311,980479,0,3,0,0,2,0
310,2014,840-38-311,980479,0,6,2,0,1,0
310,2015,840-38-311,980479,0,9,0,0,1,0
310,2016,840-38-311,980479,0,5,0,1,1,0
310,2017,840-38-311,980479,0,3,1,2,0,2
310,2018,840-38-311,980479,0,4,0,0,0,1
310,2019,840-38-311,980479,0,7,0,0,2,0
310,2022,840-38-311,981358,0,4,0,1,0,1
314,2011,840-38-15,990213,0,9,0,0,0,0
314,2012,840-38-15,990213,0,3,0,0,0,0
314,2013,840-38-15,990213,0,1,0,1,0,1
314,2014,840-38-15,990213,0,15,0,0,0,0
314,2015,840-38-15,990213,0,9,0,0,0,0
314,2016,840-38-15,990213,0,8,0,0,0,0
314,2017,840-38-15,1190942,1,4,0,0,0,0
314,2018,840-38-15,1190942,0,8,1,4,0,0
314,2019,840-38-15,1190942,0,5,0,0,0,0
314,2021,840-38-15,1190942,0,5,0,0,0,1
314,2022,840-38-15,1190942,0,8,0,0,0,0
315,2011,840-38-15,990213,0,9,0,0,0,0
315,2012,840-38-15,990213,0,3,0,0,0,0
315,2013,840-38-15,990213,0,1,0,1,0,1
315,2014,840-38-15,990213,0,15,0,0,0,0
315,2015,840-38-15,990213,0,9,0,0,0,0
315,2016,840-38-15,990213,0,8,0,0,0,0
315,2017,840-38-15,1190942,1,4,0,0,0,0
315,2018,840-38-15,1190942,0,8,1,4,0,0
315,2019,840-38-15,1190942,0,5,0,0,0,0
315,2021,840-38-15,1190942,0,5,0,0,0,1
315,2022,840-38-15,1190942,0,8,0,0,0,0
317,2011,840-38-310,1080580,0,0,0,0,0,0
317,2012,840-38-310,1080580,0,0,0,0,1,0
317,2016,840-38-310,1180188,1,0,0,0,0,0
317,2017,840-38-310,1180188,0,1,0,0,0,0
317,2018,840-38-310,1180188,0,2,0,0,0,0
317,2019,840-38-310,1080716,1,1,0,1,0,0
317,2021,840-38-310,1080716,0,0,0,0,0,0
318,2011,840-38-310,1080580,0,0,0,0,0,0
318,2012,840-38-310,1080580,0,0,0,0,1,0
318,2016,840-38-310,1180188,1,0,0,0,0,0
318,2017,840-38-310,1180188,0,1,0,0,0,0
318,2018,840-38-310,1180188,0,2,0,0,0,0
318,2019,840-38-310,1080716,1,1,0,1,0,0
318,2021,840-38-310,1080716,0,0,0,0,0,0
323,2011,840-38-24,1020312,0,1,0,0,0,0
323,2012,840-38-24,1020312,0,0,0,0,0,0
323,2017,840-38-24,1150069,0,0,0,0,0,0
323,2019,840-38-24,1080164,0,0,0,0,0,0
323,2021,840-38-24,1080164,0,0,0,0,0,0
323,2022,840-38-24,1080164,0,0,0,0,0,0
331,2011,840-38-23,1020206,0,13,0,0,0,0
331,2014,840-38-23,1020206,0,27,7,3,0,3
332,2011,840-38-23,1020206,0,13,0,0,0,0
332,2014,840-38-23,1020206,0,27,7,3,0,3
334,2012,840-38-313,1150940,0,6,0,0,2,2
334,2014,840-38-313,1120293,0,0,0,0,0,0
334,2015,840-38-313,1120293,0,0,0,0,0,0
334,2016,840-38-313,1080164,0,3,8,6,3,0
334,2017,840-38-313,1080164,0,12,5,7,1,2
334,2018,840-38-313,1080164,0,6,2,2,0,0
334,2019,840-38-313,1080164,0,3,0,0,0,1
334,2021,840-38-313,1080164,0,4,0,0,0,0
334,2022,840-38-313,1080164,0,10,2,3,1,0
335,2012,840-38-313,1150940,0,6,0,0,2,2
335,2014,840-38-313,1120293,0,0,0,0,0,0
335,2015,840-38-313,1120293,0,0,0,0,0,0
335,2016,840-38-313,1080164,0,3,8,6,3,0
335,2017,840-38-313,1080164,0,12,5,7,1,2
335,2018,840-38-313,1080164,0,6,2,2,0,0
335,2019,840-38-313,1080164,0,3,0,0,0,1
335,2021,840-38-313,1080164,0,4,0,0,0,0
335,2022,840-38-313,1080164,0,10,2,3,1,0
349,2011,840-38-310,1080580,0,0,0,0,0,0
349,2012,840-38-310,1080580,0,0,0,0,1,0
349,2016,840-38-310,1180188,1,0,0,0,0,0
349,2017,840-38-310,1180188,0,1,0,0,0,0
349,2018,840-38-310,1180188,0,2,0,0,0,0
349,2019,840-38-310,1080716,1,1,0,1,0,0
349,2021,840-38-310,1080716,0,0,0,0,0,0
350,2011,840-38-310,1080580,0,0,0,0,0,0
350,2012,840-38-13,1080580,0,0,0,0,0,0
350,2012,840-38-310,1080580,0,0,0,0,1,0
350,2013,840-38-13,1190897,1,0,0,0,0,0
350,2014,840-38-13,1190897,0,0,0,0,0,0
350,2015,840-38-13,1190897,0,2,0,0,0,0
350,2016,840-38-13,1190897,0,1,0,0,0,0
350,2016,840-38-310,1180188,1,0,0,0,0,0
350,2017,840-38-13,1190897,0,0,0,0,0,0
350,2017,840-38-310,1180188,0,1,0,0,0,0
350,2018,840-38-13,1190897,0,0,0,0,0,0
350,2018,840-38-310,1180188,0,2,0,0,0,0
350,2019,840-38-310,1080716,1,1,0,1,0,0
350,2021,840-38-13,1190897,0,0,0,0,0,0
350,2021,840-38-310,1080716,0,0,0,0,0,0
351,2012,840-38-13,1080580,0,0,0,0,0,0
351,2013,840-38-13,1190897,1,0,0,0,0,0
351,2014,840-38-13,1190897,0,0,0,0,0,0
351,2015,840-38-13,1190897,0,2,0,0,0,0
351,2016,840-38-13,1190897,0,1,0,0,0,0
351,2017,840-38-13,1190897,0,0,0,0,0,0
351,2018,840-38-13,1190897,0,0,0,0,0,0
351,2021,840-38-13,1190897,0,0,0,0,0,0
351,2022,840-38-39,1190897,0,1,0,0,0,0
355,2011,840-38-24,1020312,0,1,0,0,0,0
355,2012,840-38-24,1020312,0,0,0,0,0,0
355,2017,840-38-24,1150069,0,0,0,0,0,0
355,2019,840-38-24,1080164,0,0,0,0,0,0
355,2021,840-38-24,1080164,0,0,0,0,0,0
355,2022,840-38-24,1080164,0,0,0,0,0,0
360,2011,840-38-36,1020153,0,2,1,0,0,0
360,2012,840-38-36,1020153,0,3,2,0,0,4
360,2013,840-38-36,1020153,0,1,0,0,0,0
360,2015,840-38-36,1020153,0,5,4,4,0,0
360,2017,840-38-36,1020153,0,4,0,1,0,0
360,2022,840-38-36,1080164,0,0,0,0,0,0
361,2011,840-38-36,1020153,0,2,1,0,0,0
361,2012,840-38-36,1020153,0,3,2,0,0,4
361,2013,840-38-36,1020153,0,1,0,0,0,0
361,2015,840-38-36,1020153,0,5,4,4,0,0
361,2017,840-38-36,1020153,0,4,0,1,0,0
361,2022,840-38-36,1080164,0,0,0,0,0,0
363,2011,840-38-23,1020206,0,13,0,0,0,0
363,2014,840-38-23,1020206,0,27,7,3,0,3
364,2011,840-38-23,1020206,0,13,0,0,0,0
364,2014,840-38-23,1020206,0,27,7,3,0,3
372,2011,840-38-118,1110081,0,2,1,0,1,0
372,2012,840-38-118,1110081,0,2,0,0,0,1
372,2013,840-38-118,1110081,0,3,1,0,1,2
372,2014,840-38-118,1110081,0,4,0,0,1,2
372,2015,840-38-118,1110081,0,1,0,0,0,0
372,2016,840-38-118,1110081,0,7,0,1,0,0
372,2017,840-38-118,1110081,0,5,3,0,3,0
372,2018,840-38-118,1110081,0,4,0,3,2,1
372,2019,840-38-118,1110081,0,3,4,0,0,0
374,2011,840-38-16,1110081,0,1,3,0,0,0
374,2012,840-38-16,1110081,0,6,4,2,0,3
374,2013,840-38-16,1110081,0,3,1,0,0,0
374,2014,840-38-16,1110081,0,4,0,1,0,1
374,2015,840-38-16,1110081,0,0,2,1,0,2
374,2016,840-38-16,1110081,0,1,0,0,0,0
374,2017,840-38-16,1110081,0,2,1,2,0,1
374,2018,840-38-16,1110081,0,5,2,1,0,0
374,2019,840-38-16,1110081,0,1,0,0,0,0
374,2021,840-38-16,1110081,0,3,0,0,0,0
374,2022,840-38-16,1110081,0,0,1,2,0,0
378,2011,840-38-14,1080164,0,0,0,0,0,0
378,2012,840-38-14,1080164,0,6,0,0,0,0
378,2013,840-38-14,1080164,0,1,0,0,0,0
378,2014,840-38-14,1080164,0,0,0,0,0,0
378,2015,840-38-14,1080164,0,1,1,0,0,0
378,2016,840-38-14,1080164,0,0,0,0,0,0
378,2017,840-38-14,1080164,0,0,0,0,0,1
378,2018,840-38-14,1080164,0,0,1,0,0,0
378,2019,840-38-14,1080164,0,0,1,0,0,0
378,2021,840-38-14,1080164,0,1,0,0,0,0
378,2022,840-38-14,1080164,0,0,0,0,0,0
382,2012,840-38-13,1080580,0,0,0,0,0,0
382,2013,840-38-13,1190897,1,0,0,0,0,0
382,2014,840-38-13,1190897,0,0,0,0,0,0
382,2015,840-38-13,1190897,0,2,0,0,0,0
382,2016,840-38-13,1190897,0,1,0,0,0,0
382,2017,840-38-13,1190897,0,0,0,0,0,0
382,2018,840-38-13,1190897,0,0,0,0,0,0
382,2021,840-38-13,1190897,0,0,0,0,0,0
383,2012,840-38-13,1080580,0,0,0,0,0,0
383,2013,840-38-13,1190897,1,0,0,0,0,0
383,2014,840-38-13,1190897,0,0,0,0,0,0
383,2015,840-38-13,1190897,0,2,0,0,0,0
383,2016,840-38-13,1190897,0,1,0,0,0,0
383,2017,840-38-13,1190897,0,0,0,0,0,0
383,2018,840-38-13,1190897,0,0,0,0,0,0
383,2021,840-38-13,1190897,0,0,0,0,0,0
403,2011,840-38-31,1090687,0,1,1,0,0,0
403,2013,840-38-31,1090687,0,10,2,0,0,0
403,2014,840-38-31,1090687,0,9,10,5,1,0
403,2015,840-38-31,1090687,0,7,1,0,3,1
403,2018,840-38-31,1140749,1,6,4,4,0,0
403,2019,840-38-31,1140749,0,4,1,0,1,0
405,2011,840-38-19,1090687,0,5,0,0,1,0
405,2012,840-38-19,1090687,0,8,0,2,0,11
405,2013,840-38-19,1090687,0,8,0,0,2,6
405,2014,840-38-19,1090687,0,5,0,0,1,1
405,2015,840-38-19,1090687,0,8,0,0,1,5
405,2018,840-38-19,1070616,1,3,0,0,0,2
405,2019,840-38-19,1070616,0,2,0,0,0,2
405,2022,840-38-19,1070616,0,4,0,0,0,4
411,2011,840-38-26,1080164,0,0,0,0,0,0
411,2012,840-38-26,1080164,0,0,0,0,0,0
411,2013,840-38-26,1080164,0,0,0,0,0,0
411,2014,840-38-26,1080164,0,1,0,0,0,0
411,2015,840-38-26,1080164,0,0,0,0,0,0
411,2016,840-38-26,1080164,0,0,0,0,0,0
411,2017,840-38-26,1080164,0,0,0,1,0,0
411,2018,840-38-26,1080164,0,1,0,0,0,0
411,2019,840-38-26,1080164,0,0,0,0,0,0
411,2021,840-38-26,1080164,0,0,0,0,0,0
411,2022,840-38-26,1080164,0,0,0,0,0,1
412,2011,840-38-26,1080164,0,0,0,0,0,0
412,2012,840-38-26,1080164,0,0,0,0,0,0
412,2013,840-38-26,1080164,0,0,0,0,0,0
412,2014,840-38-26,1080164,0,1,0,0,0,0
412,2015,840-38-26,1080164,0,0,0,0,0,0
412,2016,840-38-26,1080164,0,0,0,0,0,0
412,2017,840-38-26,1080164,0,0,0,1,0,0
412,2018,840-38-26,1080164,0,1,0,0,0,0
412,2019,840-38-26,1080164,0,0,0,0,0,0
412,2021,840-38-26,1080164,0,0,0,0,0,0
412,2022,840-38-26,1080164,0,0,0,0,0,1
417,2011,840-17-314,990485,0,0,0,0,0,0
417,2011,840-38-38,1020312,0,0,0,0,0,0
417,2012,840-17-314,990485,0,0,0,0,0,0
417,2012,840-38-38,1020312,0,0,0,0,0,0
417,2013,840-17-314,990485,0,0,0,0,0,0
417,2014,840-17-314,990485,0,0,0,0,0,0
417,2014,840-38-38,1080094,0,0,0,0,1,0
417,2016,840-17-314,990485,0,0,0,0,0,0
417,2017,840-17-314,990485,0,0,0,0,0,0
417,2017,840-38-38,1080164,0,0,0,0,0,0
417,2018,840-17-314,990485,0,3,0,0,0,0
417,2018,840-38-38,1080164,0,1,0,1,1,0
417,2019,840-17-314,990485,0,0,0,0,0,0
417,2019,840-38-38,1080164,0,0,0,0,0,0
417,2021,840-17-314,990485,0,0,0,0,0,0
417,2021,840-38-38,1080164,0,0,0,0,0,0
417,2022,840-17-314,990485,0,0,0,0,0,0
417,2022,840-38-38,1080164,0,0,0,0,1,0
418,2011,840-38-323,1140416,0,2,2,1,2,1
418,2011,840-38-38,1020312,0,0,0,0,0,0
418,2012,840-38-323,1140416,0,0,0,1,0,0
418,2012,840-38-38,1020312,0,0,0,0,0,0
418,2013,840-38-323,1140416,0,0,0,0,1,0
418,2014,840-38-323,1140416,0,0,1,0,0,0
418,2014,840-38-38,1080094,0,0,0,0,1,0
418,2015,840-38-323,1140416,0,3,0,1,0,0
418,2016,840-38-323,1140416,0,2,1,0,0,3
418,2017,840-38-38,1080164,0,0,0,0,0,0
418,2018,840-38-323,1140416,0,0,0,0,2,0
418,2018,840-38-38,1080164,0,1,0,1,1,0
418,2019,840-38-38,1080164,0,0,0,0,0,0
418,2021,840-38-38,1080164,0,0,0,0,0,0
418,2022,840-38-38,1080164,0,0,0,0,1,0
419,2011,840-38-323,1140416,0,2,2,1,2,1
419,2012,840-38-323,1140416,0,0,0,1,0,0
419,2013,840-38-323,1140416,0,0,0,0,1,0
419,2014,840-38-323,1140416,0,0,1,0,0,0
419,2015,840-38-323,1140416,0,3,0,1,0,0
419,2016,840-38-323,1140416,0,2,1,0,0,3
419,2018,840-38-323,1140416,0,0,0,0,2,0
428,2012,840-38-321,1180175,1,6,4,2,0,0
428,2016,840-38-321,1150860,0,16,0,0,0,0
429,2012,840-38-321,1180175,1,6,4,2,0,0
429,2016,840-38-321,1150860,0,16,0,0,0,0
431,2011,840-38-32,1140283,0,16,13,2,0,3
431,2012,840-38-32,1140283,0,11,6,0,13,0
431,2013,840-38-32,1140283,0,22,1,0,0,0
431,2014,840-38-32,1140283,0,11,0,4,1,0
431,2015,840-38-32,1140283,0,10,0,0,6,3
431,2016,840-38-32,1140283,0,12,0,0,2,0
431,2017,840-38-32,1140283,0,5,0,0,5,3
431,2018,840-38-32,1140283,0,7,1,1,16,8
431,2019,840-38-32,1140283,0,10,1,0,6,0
431,2021,840-38-32,1140283,0,23,3,5,0,0
431,2022,840-38-32,1140283,0,17,0,0,0,1
435,2011,840-38-31,1090687,0,1,1,0,0,0
435,2013,840-38-31,1090687,0,10,2,0,0,0
435,2014,840-38-31,1090687,0,9,10,5,1,0
435,2015,840-38-31,1090687,0,7,1,0,3,1
435,2018,840-38-31,1140749,1,6,4,4,0,0
435,2019,840-38-31,1140749,0,4,1,0,1,0
444,2011,840-38-27,1120315,0,0,0,0,0,0
444,2012,840-38-27,1120315,0,0,0,0,0,0
444,2013,840-38-27,981343,1,0,0,0,0,0
444,2014,840-38-27,981343,0,0,0,0,0,0
444,2015,840-38-27,981343,0,0,0,0,0,0
444,2016,840-38-27,981343,0,0,0,0,0,0
444,2018,840-38-27,981343,0,0,0,0,0,0
444,2019,840-38-27,981343,0,0,0,0,0,0
444,2021,840-38-27,1120315,0,0,0,0,0,0
444,2022,840-38-127,981343,0,0,0,0,0,0
459,2012,840-38-321,1180175,1,6,4,2,0,0
459,2016,840-38-321,1150860,0,16,0,0,0,0
460,2012,840-38-321,1180175,1,6,4,2,0,0
460,2016,840-38-321,1150860,0,16,0,0,0,0
462,2011,840-38-32,1140283,0,16,13,2,0,3
462,2012,840-38-32,1140283,0,11,6,0,13,0
462,2013,840-38-32,1140283,0,22,1,0,0,0
462,2014,840-38-32,1140283,0,11,0,4,1,0
462,2015,840-38-32,1140283,0,10,0,0,6,3
462,2016,840-38-32,1140283,0,12,0,0,2,0
462,2017,840-38-32,1140283,0,5,0,0,5,3
462,2018,840-38-32,1140283,0,7,1,1,16,8
462,2019,840-38-32,1140283,0,10,1,0,6,0
462,2021,840-38-32,1140283,0,23,3,5,0,0
462,2022,840-38-32,1140283,0,17,0,0,0,1
477,2013,840-52-143,981343,1,0,0,0,0,0
477,2014,840-52-143,981343,0,0,0,0,0,0
477,2015,840-52-143,981343,0,0,0,0,0,1
477,2016,840-52-143,981343,0,0,0,0,0,0
477,2017,840-52-143,981343,0,0,0,0,0,2
477,2018,840-52-143,981343,0,0,0,0,0,0
477,2019,840-52-143,981343,0,0,0,0,0,0
477,2021,840-52-143,1150860,0,0,0,0,0,0
477,2022,840-52-143,1100246,0,0,0,0,0,0
484,2011,840-38-322,1040440,0,0,0,0,0,0
484,2012,840-38-322,1040440,0,1,1,0,0,0
484,2013,840-38-322,1040440,0,2,0,0,0,3
484,2014,840-38-322,1040440,0,0,0,0,0,0
484,2015,840-38-322,1040440,0,5,0,0,2,2
484,2016,840-38-322,1040440,0,3,0,0,0,0
484,2017,840-38-322,1040440,0,3,0,1,0,0
484,2018,840-38-322,1040440,0,0,0,0,0,2
484,2019,840-38-322,1040440,0,0,0,0,0,0
484,2021,840-38-322,1040440,0,0,0,0,0,0
484,2022,840-38-322,1040440,0,2,0,0,0,0
485,2011,840-38-25,980479,0,0,0,2,2,2
485,2012,840-38-25,980479,0,2,0,0,0,2
485,2013,840-38-25,980479,0,0,0,0,0,0
485,2014,840-38-25,980479,0,1,0,0,1,0
485,2015,840-38-25,980479,0,6,0,2,0,0
485,2017,840-38-25,1080164,0,0,0,1,0,0
485,2018,840-38-25,1080164,0,1,1,3,1,0
494,2011,840-38-420,1190508,0,15,0,0,1,2
494,2012,840-38-420,1190508,0,12,0,0,0,1
494,2013,840-38-420,981358,1,14,2,0,1,0
494,2014,840-38-420,981358,0,15,2,0,1,2
494,2015,840-38-420,981358,0,6,1,1,2,7
494,2016,840-38-420,981358,0,5,0,0,1,6
494,2017,840-38-420,981358,0,19,3,3,1,2
494,2018,840-38-420,981358,0,18,1,3,1,1
495,2011,840-38-319,1190508,0,8,2,0,0,0
495,2012,840-38-319,1190508,0,13,0,0,0,0
495,2014,840-38-319,1190508,0,9,1,0,0,0
495,2015,840-38-319,1190508,0,11,3,1,0,0
495,2017,840-38-319,1190508,0,5,1,0,0,0
495,2018,840-38-319,1190508,0,10,2,1,0,0
495,2021,840-38-319,1190508,0,12,1,0,0,0
496,2011,840-38-319,1190508,0,8,2,0,0,0
496,2012,840-38-319,1190508,0,13,0,0,0,0
496,2014,840-38-319,1190508,0,9,1,0,0,0
496,2015,840-38-319,1190508,0,11,3,1,0,0
496,2017,840-38-319,1190508,0,5,1,0,0,0
496,2018,840-38-319,1190508,0,10,2,1,0,0
496,2021,840-38-319,1190508,0,12,1,0,0,0
501,2011,840-38-318,1140412,0,0,0,0,0,0
501,2012,840-38-318,1140412,0,2,0,0,0,0
501,2013,840-38-318,1140412,0,7,1,0,0,0
501,2016,840-38-318,1140412,0,3,0,0,0,0
501,2017,840-38-318,1140412,0,6,0,0,1,0
501,2018,840-38-318,1140412,0,3,0,0,0,0
501,2021,840-38-318,1140412,0,3,0,2,0,0
501,2022,840-38-318,1140412,0,2,0,0,0,0
518,2012,840-38-35,1050054,0,0,0,0,0,0
518,2013,840-38-35,1050054,0,4,0,0,2,1
518,2014,840-38-35,1050054,0,1,0,0,0,0
518,2015,840-38-35,1050054,0,4,0,0,0,1
518,2016,840-38-35,1050054,0,1,0,0,2,2
518,2017,840-38-35,1050054,0,3,0,0,0,0
518,2019,840-38-35,1050054,0,0,0,0,0,0
518,2022,840-38-35,1050054,0,2,0,1,0,4
520,2011,840-38-34,1050054,0,3,0,0,0,0
520,2012,840-38-34,1050054,0,0,0,1,0,0
520,2013,840-38-34,1050054,0,4,0,0,0,0
520,2014,840-38-34,1050054,0,3,0,0,0,0
520,2015,840-38-34,1050054,0,7,1,0,0,0
520,2016,840-38-34,1050054,0,10,0,0,0,0
520,2017,840-38-34,1050054,0,2,0,0,0,0
520,2018,840-38-34,1050054,0,16,3,0,1,0
520,2019,840-38-34,1050054,0,9,0,2,0,0
520,2022,840-38-34,1050054,0,9,1,1,0,1
524,2012,840-38-133,1190508,0,6,6,2,0,0
524,2013,840-38-133,1190508,0,11,3,0,1,0
524,2014,840-38-133,1190508,0,8,0,2,0,0
524,2016,840-38-133,1190508,0,11,1,5,6,0
524,2017,840-38-133,1190508,0,10,1,6,0,0
524,2018,840-38-133,1190508,0,5,2,0,0,0
524,2021,840-38-133,1190508,0,16,4,4,3,0
529,2011,840-38-28,1090689,0,5,0,0,0,0
529,2012,840-38-28,1090689,0,2,0,0,0,0
529,2013,840-38-28,1090689,0,2,0,0,0,0
529,2014,840-38-28,1090689,0,2,0,0,0,0
529,2015,840-38-28,1090689,0,2,1,2,0,0
529,2016,840-38-28,1090689,0,4,0,1,0,0
529,2017,840-38-28,1090689,0,4,0,0,2,0
529,2018,840-38-28,1090689,0,3,0,0,0,0
529,2019,840-38-28,1090689,0,7,0,0,0,0
529,2021,840-38-28,1090689,0,4,0,0,1,0
529,2022,840-38-28,1090689,0,5,0,0,0,0
533,2011,840-38-29,1080164,0,0,0,1,0,2
533,2012,840-38-29,1080164,0,1,0,0,0,0
533,2014,840-38-29,1080164,0,2,0,0,0,0
533,2015,840-38-29,1080164,0,0,0,1,0,0
533,2016,840-38-29,1080164,0,0,0,0,0,0
533,2017,840-38-29,1080164,0,0,0,0,0,0
533,2018,840-38-29,1080164,0,0,0,0,0,0
533,2019,840-38-29,1080164,0,2,0,0,0,0
533,2021,840-38-29,1080164,0,0,0,0,0,0
533,2022,840-38-29,1080164,0,0,0,0,0,0
536,2011,840-38-317,1150860,0,0,0,0,0,0
536,2012,840-38-317,1150860,0,2,0,0,0,0
536,2013,840-38-317,1150860,0,0,0,0,0,0
536,2014,840-38-317,1150860,0,2,0,0,0,0
536,2015,840-38-317,1150860,0,2,0,0,0,0
536,2016,840-38-317,1150860,0,0,0,0,0,2
536,2017,840-38-317,1150860,0,1,0,0,0,0
536,2018,840-38-317,1150860,0,3,0,0,0,0
536,2019,840-38-317,1150860,0,0,0,0,0,0
536,2021,840-38-317,1150860,0,0,0,0,0,0
536,2022,840-38-317,1150860,0,0,0,0,0,0
552,2018,840-54-319,1060206,0,3,0,0,0,0
552,2019,840-54-319,1060206,0,1,0,0,0,0
552,2021,840-54-319,1060206,0,0,0,0,0,0
552,2022,840-54-319,1060206,0,1,0,0,0,0
559,2011,840-38-28,1090689,0,5,0,0,0,0
559,2011,840-38-30,1090689,0,6,0,0,0,0
559,2012,840-38-28,1090689,0,2,0,0,0,0
559,2012,840-38-30,1090689,0,9,0,2,1,0
559,2013,840-38-28,1090689,0,2,0,0,0,0
559,2013,840-38-30,1090689,0,5,0,0,0,0
559,2014,840-38-28,1090689,0,2,0,0,0,0
559,2014,840-38-30,1090689,0,3,0,0,0,0
559,2015,840-38-28,1090689,0,2,1,2,0,0
559,2015,840-38-30,1090689,0,4,0,0,0,1
559,2016,840-38-28,1090689,0,4,0,1,0,0
559,2016,840-38-30,1090689,0,10,2,0,4,5
559,2017,840-38-28,1090689,0,4,0,0,2,0
559,2017,840-38-30,1090689,0,8,1,1,1,5
559,2018,840-38-28,1090689,0,3,0,0,0,0
559,2018,840-38-30,1090689,0,9,0,0,0,0
559,2019,840-38-28,1090689,0,7,0,0,0,0
559,2019,840-38-30,1090689,0,8,0,0,0,4
559,2021,840-38-28,1090689,0,4,0,0,1,0
559,2021,840-38-30,1090689,0,8,0,6,0,7
559,2022,840-38-28,1090689,0,5,0,0,0,0
559,2022,840-38-30,1090689,0,9,0,1,0,0
563,2018,840-54-322,1151480,0,7,1,0,0,0
563,2022,840-54-322,1151677,1,0,0,0,0,0
567,2011,840-52-71,1060144,0,0,0,0,0,0
567,2012,840-52-71,1060144,0,0,0,0,0,0
567,2013,840-52-71,1060144,0,0,0,0,0,0
567,2014,840-52-71,1060144,0,0,0,0,0,0
567,2015,840-52-71,1060144,0,0,0,0,0,0
567,2016,840-52-71,1060144,0,0,0,0,0,0
567,2017,840-52-71,1060144,0,0,0,0,0,0
567,2018,840-52-71,1060144,0,0,0,0,0,0
567,2019,840-52-71,1060144,0,0,0,0,0,0
567,2021,840-52-71,1190953,0,0,0,0,0,0
567,2022,840-52-71,1190953,0,0,0,0,0,1
569,2013,840-54-36,1060206,1,3,0,0,0,0
569,2014,840-54-36,1060206,0,2,0,0,0,0
569,2017,840-54-36,1060206,0,0,0,0,0,2
569,2018,840-54-36,1060206,0,2,0,0,0,0
569,2019,840-54-36,1060206,0,1,0,0,0,0
569,2021,840-54-36,1060206,0,2,0,0,0,2
569,2022,840-54-36,1060206,0,1,0,0,0,1
570,2013,840-54-36,1060206,1,3,0,0,0,0
570,2014,840-54-36,1060206,0,2,0,0,0,0
570,2017,840-54-36,1060206,0,0,0,0,0,2
570,2018,840-54-36,1060206,0,2,0,0,0,0
570,2019,840-54-36,1060206,0,1,0,0,0,0
570,2021,840-54-36,1060206,0,2,0,0,0,2
570,2022,840-54-36,1060206,0,1,0,0,0,1
571,2013,840-54-11,1190629,0,1,0,1,0,3
571,2014,840-54-11,1190629,0,3,1,3,0,0
571,2015,840-54-11,1190629,0,0,0,0,0,0
571,2016,840-54-11,1190629,0,2,0,0,0,0
571,2018,840-54-11,1060206,0,1,0,0,0,0
571,2019,840-54-11,1060206,0,1,0,0,0,0
575,2013,840-54-10,981347,1,4,0,4,0,0
575,2014,840-54-10,981347,0,3,0,0,0,0
575,2015,840-54-10,981347,0,0,0,0,0,0
575,2016,840-54-10,981347,0,0,0,0,0,0
575,2017,840-54-10,981347,0,0,0,0,0,0
575,2018,840-54-10,981347,0,2,1,0,0,2
575,2019,840-54-10,981347,0,4,0,2,0,0
575,2021,840-54-10,981347,0,5,0,1,0,0
576,2018,840-54-318,990931,1,2,1,0,0,0
576,2019,840-54-318,990931,0,1,0,1,1,0
576,2021,840-54-318,990931,0,8,0,2,3,0
